	Прайс-лист для консультантов компании АРГО					
	Действителен для консультантов компании АРГО на момент публикации 01.01.2011					
Код	Наименование	Блок, шт.	Цена*, руб.	Очки		Для расчета цен с учетом транспортного коэффициента введите в ячейку расположенную под этой надписью свой транспортный коэффициент в процентах.
	БАД и продукты функционального питания					
	ЗАО НПФ "Новь"					
0131	Априкотабс, таблетки 0,5 г, 100 шт	20	350	10		0%
0121	Десерт-кисель "Клюквенный", 200 г	9	133	9		Для расчета цен в другой валюте введите в ячейку расположенную под этой надписью коэффициент пересчета цен.
0117	Десерт-кисель "Молочно-фруктовый", 200 г	9	104	7		
0122	Десерт-кисель "Облепиховый", 200 г	9	133	9		
0127	Десерт-кисель "Свекольно-вишневый", 200 г	9	104	7		
0118	Десерт-кисель "Смородиновый", 200 г	9	133	9		1
0120	Десерт-кисель "Яблочный", 200 г	9	104	7		Для определения точности расчета цен укажите в ячейке под этой надписью количество цифр после запятой.
0128	ДиЛитовит для женщин, гранулы, 420 г	1	939	65		
0129	ДиЛитовит для мужчин, гранулы, 420 г	1	729	50		0
0110	Литовит (базовый), гранулы, 150 г	10	108	8		
0111	Литовит (базовый), порошок, 150 г	10	106	8		
0112	Литовит (базовый), таблетки, 140 г	20	149	11		
0101	Литовит-Б, таблетки, 140 г	20	243	17		
0102	Литовит-К , таблетки, 140 г	20	264	18		
0126	Литовит-М, гранулы, 100 г (в пакетиках)	10	207	15		
0103	Литовит-М, порошок, 150 г	20	185	13		
0104	Литовит-М, порошок, 30 г	20	65	4		
0113	Литовит-напиток растворимый "Брусника", порошок, 100 г	10	89	6		
0114	Литовит-напиток растворимый "Горький коктейль", порошок, 100 г	10	74	5		
0105	Литовит-О, таблетки, 140 г	20	243	17		
0106	Литовит-С, гранулы, 100 г	10	352	24		
0107	Литовит-У, таблетки, 140 г	20	373	25		
0108	Литовит-Ф, таблетки, 140 г	10	222	16		
0109	Литовит-Ч, таблетки, 140 г	20	264	18		
0130	Литоспорт (свекла + клюква), таблетки, 2*50 г	5	306	20		
0115	Литоспорт с клюквой, таблетки, 50 г	10	214	15		
0132	Нормолит, гранулы, 450 г	3	446	30		
0124	Оптисорб ванильный, гранулы, 100 г (в пакетиках)	5	196	14		
0125	Оптисорб лимонный, гранулы, 100 г (в пакетиках)	5	196	14		
0123	Оптисорб, гранулы, 100 г (в пакетиках)	5	193	14		
	ООО "НИИ ЛОП и НТ"					
0226	Батончик "Успех-1", 45 г	12	30	1		
0228	Батончик "Успех-2 Five o'clock", 45 г	12	30	1		
0218	Драже "Нутрифлор SP", 170 г	5	126	8		
0216	Драже "Нутрифлор Арония", 150 г	5	126	8		
0217	Драже "Нутрифлор Сорбус", 130 г	5	126	8		
0230	Драже "Сладкий нутрикон" с какао, 100 г	7	134	9		
0229	Драже "Сладкий нутрикон" с марципаном, 100 г	7	134	9		
0210	Коктейль "Грация", 380 г	12	553	37		
0211	Коктейль "Энергия", 380 г	12	553	37		
0213	Напиток чайный "Оздоровительный", пакетики с сухой смесью, 60 г	30	89	5		
0214	Напиток чайный "Тонизирующий", пакетики с сухой смесью, 60 г	30	89	5		
0215	Напиток чайный "Успокоительный", пакетики с сухой смесью, 60 г	30	89	5		
0225	НутриКаша	10	244	12		
0202	Нутрикон Голд, гранулы, 350 г	8	251	16		
0203	Нутрикон Грин, гранулы, 350 г	8	251	16		
0204	Нутрикон Плюс, гранулы, 350 г	8	251	16		
0205	Нутрикон Селен, гранулы, 350 г	8	268	18		
0206	Нутрикон Фито, гранулы, 350 г	8	268	18		
0207	Нутрикон Хром, гранулы, 350 г	8	268	18		
0208	Нутрикон Янтарь, гранулы, 350 г	8	251	16		
0201	Нутрикон, гранулы, 350 г	8	268	18		
0212	Пектолакт, пакетики с сухой смесью, 50 г	30	160	10		
0223	Пряности жидкие, набор №1	1	374	24		
0224	Пряности жидкие, набор №2	1	374	24		
0221	Сироп "Сбитень №12 Изумрудный", 250 г/180 мл	4	213	14		
0227	Сироп "Сбитень №21 Винный", 250 г/180 мл	4	213	14		
0222	Сироп "Сбитень №24 Молочный", 250 г/180 мл	4	219	14		
0219	Сироп "Сбитень №3 Пурпурный", 250 г/180 мл	4	213	14		
0220	Сироп "Сбитень №7 Багряный", 250 г/180 мл	4	213	14		
	ООО "Биолит"					
0302	Аргозид, гранулы, 120 г	10	247	18		
0303	Ахиллан, гранулы, 30 г	14	95	7		
0304	Ахиллан, гранулы, 90 г	10	198	15		
0318	Ахиллан, жидкость, 75 мл	10	470	35		
0305	Венорм на сорбите, гранулы, 120 г	10	219	16		
0307	Венорм, гранулы, 120 г	10	219	16		
0308	Витамикс, гранулы, 120 г	10	266	20		
0309	Витасел, гранулы, 90 г	10	209	16		
0310	Галега-Нова, гранулы, 90 г	10	209	16		
0341	Гепатосол на сорбите, гранулы, 90 г	10	240	18		
0319	Гепатосол, гранулы, 30 г	14	95	7		
0320	Гепатосол, гранулы, 90 г	10	203	16		
0324	Гепатосол, жидкость, 75 мл	10	690	50		
0350	Кальций-Биолит, капсулы, 90 шт	5	988	70		
0311	Климатон плюс, гранулы, 90 г	10	219	16		
0312	Климатон, гранулы, 90 г	10	207	16		
0316	Липроксол на сорбите, гранулы, 90 г	10	233	17		
0317	Липроксол, гранулы, 90 г	10	207	16		
0301	Марикад, капсулы, 90 шт	5	988	70		
0348	Масло облепихи с эплиром, 100 мл	4	259	20		
0394	Напиток "Эсобел" с экстрактом сабельника болотного, 120 г	10	311	24		
0313	Напиток концентрированный "Лактавия с соком клюквы и аронии", 100 г	10	204	15		
0314	Напиток концентрированный "Лактавия с соком облепихи и моркови", 100 г	10	190	14		
0315	Напиток концентрированный "Лактавия с соком черники и аронии", 100 г	10	204	15		
0321	Поликавин, гранулы, 110 г	10	436	32		
0337	Популин, жидкость, 200 мл	8	632	45		
0345	Популин, жидкость, 75 мл	10	351	25		
0323	Простадонт, гранулы, 90 г	10	207	16		
0346	Рейши-Кан, гранулы, 100 г	2	1623	120		
0326	Семена лопуха, капсулы, 190 шт	2	930	70		
0322	Семена солянки холмовой, капсулы, 190 шт	2	589	42		
0342	Танаксол плюс, гранулы, 42 г	14	161	12		
0347	Токсидонт-май, жидкость, 75 мл	8	393	30		
0325	Тонизид, гранулы, 90 г	10	209	16		
0327	Уролизин, гранулы, 120 г	10	248	18		
0328	Флавигран на сорбите, гранулы, 120 г	10	324	25		
0329	Флавигран, гранулы, 120 г	10	324	25		
0344	Флавигран-очанка, гранулы, 120 г	10	262	19		
0330	Флорента напиток, 200 мл	48	187	14		
0331	Флорента спрей, 50 мл	10	131	10		
0332	Ширлайн с лохеином, гранулы, 30 г	14	95	7		
0338	Ширлайн, гранулы, 120 г	10	205	15		
0334	Ширлайн, гранулы, 30 г	14	95	7		
0335	Экорсол, гранулы, 42 г	20	161	12		
0336	Экстракт корня лопуха, жидкость, 75 мл	10	393	30		
0339	Экстракт крапивы, жидкость, 75 мл	10	437	32		
0343	Экстракт подорожника, жидкость, 75 мл	10	409	31		
0306	Эсобел-Арт, капсулы, 90 шт	5	988	70		
	Компания "Nutricare Int."					
0442	L-Аргинин TSN, капсулы, 60 шт	5	510	34		
0421	Nutricare Пау Д'Арко, капсулы, 60 шт	5	494	33		
0401	Акулий хрящ, капсулы, 60 шт	5	554	37		
0435	Антиоксидант, капсулы, 60 шт	5	451	30		
0405	Ацидофилус-Экстра, капсулы, 60 шт	5	494	33		
0406	ВАГ, капсулы, 60 шт	5	494	33		
0408	Гинкго Билоба Плас, таблетки, 60 шт	5	524	35		
0409	Глюкозамин-Плас, таблетки, 60 шт	5	597	40		
0443	Гортензия TSN, капсулы, 60 шт	5	494	33		
0410	Готу Кола, капсулы, 60 шт	5	494	33		
0411	Донг Куэй, таблетки, 60 шт	5	494	33		
0437	Йохимбе, таблетки, 60 шт	5	554	37		
0413	Каль-ди-Маг, таблетки, 60 шт	5	510	34		
0444	Кофермент Q10 TSN, капсулы 60 шт	5	510	34		
0438	Коэнзим Q-10 Нутрикэа, таблетки, 60 шт	5	524	35		
0427	Красный клевер ТSN, капсулы, 60 шт	5	430	29		
0416	Ливер-Плас, капсулы, 60 шт	5	436	29		
0445	Люцерна TSN, капсулы, 60 шт	5	451	30		
0417	Малти-Комплекс, таблетки, 60 шт	5	554	37		
0446	Молозиво TSN, капсулы, 60 шт	5	494	33		
0439	Омега Ойл, капсулы, 60 шт	5	494	33		
0419	Остео Каль с глюкозамином, капсулы, 60 шт	5	524	35		
0420	Пара-Уолнат-Плас, капсулы, 60 шт	5	524	35		
0425	Проста-вита, капсулы, 60 шт	5	554	37		
0426	Пэшн Флауэр, таблетки, 60 шт	5	451	30		
0441	Спирулина TSN, капсулы, 60 шт	5	510	34		
0429	Супер Колон Клинз, капсулы, 60 шт	5	494	33		
0430	Суперлакс, капсулы, 60 шт	5	436	29		
0431	Тиро-Вита, капсулы, 60 шт	5	451	30		
0432	Уна дэ Гато, таблетки, 60 шт	5	494	33		
0447	Фукоксан, капсулы, 60 шт	5	451	30		
0433	Эхинацея Нутрикэа, капсулы, 60 шт	5	494	33		
	ООО "Дэльфа"					
0512	Кедровая сила – 2, порошок, 237 г	8	482	30		
0517	Кедровая сила "Боярская", порошок, 237 г	8	549	35		
0518	Кедровая сила "Спортивная", порошок, 237 г	8	519	33		
0511	Кедровая сила, порошок, 237 г	8	410	26		
0503	Масло кедровое "Долголетие", капсулы, 100 шт	12	169	11		
0504	Масло кедровое "Здравие", капсулы, 100 шт	12	188	12		
0513	Масло кедровое с боярышником, капсулы, 100 шт	12	237	15		
0506	Масло кедровое с калиной (с витамином Е), капсулы, 100 шт	12	237	15		
0505	Масло кедровое с провитамином А, капсулы, 100 шт	12	237	15		
0507	Масло кедровое, капсулы, 100 шт	12	232	15		
0508	Масло растительное "Богатырское", 200 мл	5	186	12		
0516	Масло растительное "Молодильное", 200 мл	5	190	12		
0510	Масло растительное "Целительное", 200 мл	5	232	15		
	ООО "Юг"					
0601	Бальзам "Альпийский аромат", 100 мл	6	150	10		
0602	Бальзам "Витаминный +", 100 мл	6	135	9		
0603	Бальзам "Казанова", 100 мл	6	148	10		
0604	Бальзам "Сибирячок", 100 мл	6	147	10		
0620	Гельмипаль, капсулы, 30 шт	6	192	13		
0618	Гепаль, капсулы, 30 шт	6	190	13		
0605	Драже "Арго-пан", 60 г	6	150	10		
0606	Драже "Кальцепан", 100 г	6	288	20		
0611	Драже "Пантошка", 80 г	6	144	10		
0607	Драже "Пантошка-A", 80 г	6	149	10		
0608	Драже "Пантошка-Ca", 80 г	6	156	10		
0609	Драже "Пантошка-Fe", 80 г	6	147	10		
0610	Драже "Пантошка-Йод", 80 г	6	152	10		
0612	Конфеты обогащенные пробиотические "Бифидопан", 70 г	6	209	14		
0613	Конфеты обогащенные пробиотические "Лактопан", 70 г	6	204	14		
0615	Конфеты обогащенные пробиотические "Пробиопан", 60 г	6	221	15		
0616	Ферропан, капсулы, 20 шт	6	148	10		
0619	Холепаль, капсулы, 30 шт	6	298	20		
0617	Эргопан, капсулы, 30 шт	6	180	12		
	ООО "Апифарм"					
0701	Аргосластин, таблетки, 200 шт	10	166	12		
0706	Вазолептин, таблетки, 50 шт	10	300	20		
0720	Гемолептин, таблетки, 50 шт	10	300	20		
0707	Гепатолептин, таблетки, 50 шт	10	300	20		
0715	Карамель леденцовая "Плантико Кардиолептин", 33 г	5	41	3		
0717	Карамель леденцовая "Плантико Лептопротект", 33 г	5	41	3		
0708	Кардиолептин, таблетки, 50 шт	10	300	20		
0702	Каталитин, таблетки, 100 шт	5	642	45		
0703	Каталитин, таблетки, 40 шт	10	265	19		
0722	Конц. сухой напитка безалкогольного "Алкостоп", 5 пакетов по 10 г	5	210	15		
0709	Лептоник, таблетки, 50 шт	10	300	20		
0710	Лептопротект, таблетки, 50 шт	10	300	20		
0711	Лептоседин, таблетки, 50 шт	10	300	20		
0721	Мумичага 100, таблетки, 100 шт	5	429	30		
0704	Набор "Рецепт успеха": Каталитин + Хитолан + Аргосластин + Лептоник	1	2424	160		
0712	Нефролептин, таблетки, 50 шт	10	300	20		
0718	Офтальмолептин, таблетки, 50 шт	10	300	20		
0705	Хитолан, таблетки, 40 шт	10	315	21		
0719	Хондролептин, таблетки, 50 шт	10	300	20		
0713	Энтеролептин, таблетки, 50 шт	10	300	20		
	Компания "AD Medicine Limited"					
0815	АнгиОмега Комплекс, коллоидная фитоформула, 237 мл	6	1334	83		
0801	Анти-Оксидант, коллоидная фитоформула, 237 мл	6	1334	83		
0807	Артро Комплекс, коллоидная фитоформула, 237 мл	6	1334	83		
0818	БиоКлинзинг, коллоидная фитоформула, 237 мл	6	1334	83		
0808	Брейн Бустер, коллоидная фитоформула, 237 мл	6	1334	83		
0810	Бьюти Нэчурал, коллоидная фитоформула, 237 мл	6	1334	83		
0813	Визио Комплекс, коллоидная фитоформула, 237 мл	6	1334	83		
0819	Гастеро Комплекс, коллоидная фитоформула, 237 мл	6	1334	83		
0811	Детокс, коллоидная фитоформула, 237 мл	6	1334	83		
0802	Имьюн Саппорт, коллоидная фитоформула, 237 мл	6	1334	83		
0803	Кардио Саппорт, коллоидная фитоформула, 237 мл	6	1334	83		
0820	Лайф Малти-Фактор, коллоидная фитоформула, 237 мл	6	1334	83		
0804	Мейл Эктив Комплекс, коллоидная фитоформула, 237 мл	6	1334	83		
0812	Ментал Комфорт, коллоидная фитоформула, 237 мл	6	1334	83		
0821	Нефрин Комплекс, коллоидная фитоформула, 237 мл	6	1334	83		
0809	Остео Комплекс, коллоидная фитоформула, 237 мл	6	1334	83		
0822	Реотон Комплекс, коллоидная фитоформула, 237 мл	6	1334	83		
0817	Слип Контрол, коллоидная фитоформула, 237 мл	6	1334	83		
0816	Тирео Саппорт, коллоидная фитоформула, 237 мл	6	1334	83		
0805	Фимейл Эктив Комплекс, коллоидная фитоформула, 237 мл	6	1334	83		
0814	Фо Кидз , коллоидная фитоформула, 237 мл	6	1334	83		
0806	Шугар Бэланс, коллоидная фитоформула, 237 мл	6	1334	83		
	ООО "ЭМ-центр"					
2016	Кисломолочный продукт сухой Курунговит ЖКТ, таблетки, 40 шт	12	173	12		
2015	Кисломолочный продукт сухой Курунговит, таблетки, 40 шт	12	166	12		
2017	Кисломолочный продукт сухой Курунговит-С, таблетки, 40 шт	12	166	12		
2022	Кисломолочный продукт ЭМ-Курунга, таблетки, 20 шт	32	83	6		
2023	Кисломолочный продукт ЭМ-Курунга, таблетки, 60 шт	18	247	18		
	ООО "Дон"					
1033	Напиток быстрораств. гранулир. "АргоMIX" квас с сывороткой", 100 г	1	184	13		
1034	Напиток быстрораств. гранулир. "АргоMIX" квас с шиповником", 100 г	1	184	13		
1035	Напиток быстрораств. гранулир. "АргоMIX" морковь, черника", 90 г	1	145	10		
1036	Напиток быстрораств. гранулир. "АргоMIX" облепиха, калина", 90 г	1	126	9		
	ООО "ФитоЛайн"					
2321	Альгинат кальция, капсулы, 80 шт	5	432	30		
2305	Лесмин, таблетки, 80 шт	5	372	26		
2307	Сироп с хлорофиллом "Фитолон", 100 мл	3	287	20		
2304	Фитолон-Кламин, таблетки, 80 шт	5	364	25		
	Парфюмерно-косметическая продукция					
	ООО "Интеллект-К"					
	Уход за сухой нормальной кожей лица и шеи					
0902	Крем дневной SPF-8, 30 мл	18	296	18		
2901	Крем дневной SPF-8, тестер, 5 мл	5	19	0		
0904	Крем очищающий регулирующий, 75 мл	10	128	8		
2902	Крем очищающий регулирующий, тестер, 5 мл	5	19	0		
0905	Крем увлажняющий биоактивный, 30 мл	3	380	23		
2903	Крем увлажняющий биоактивный, тестер, 5 мл 	5	19	0		
0906	Крем увлажняющий, 150 мл	6	276	17		
2904	Крем увлажняющий, тестер, 5 мл  	5	19	0		
0907	Крем-желе для век SPF-5, 30 мл	12	198	12		
2905	Крем-желе для век SPF-5, тестер, 5 мл	5	19	0		
0903	Крем-лифтинг SPF-4, 30 мл	6	326	20		
2906	Крем-лифтинг SPF-4, тестер, 5 мл	5	19	0		
0908	Крем-маска ботанический комплекс-активатор, 75 мл	10	228	14		
2907	Крем-маска ботанический комплекс-активатор, тестер, 5 мл	5	19	0		
0909	Лосьон-тоник успокаивающий безалкогольный, 100 мл	4	198	12		
0910	Лосьон-тоник, 200 мл	8	258	16		
0911	Маска-пилинг, 75 мл	10	181	11		
2908	Маска-пилинг, тестер, 5 мл	5	19	0		
0912	Масло для век и губ длительной гидратации, 10 мл	10	191	12		
0913	Масло для лица и шеи длительной гидратации, 30 мл	9	159	10		
0914	Мультикрем-комплекс, 30 мл	12	325	20		
2909	Мультикрем-комплекс, тестер, 5 мл	5	19	0		
0915	Пенка для умыв. с фрутап. грейпфр. – для чувст., сух. и норм. кожи, 200 мл	8	215	13		
0918	Сыворотка омолаживающая, 30 мл	9	296	18		
2910	Сыворотка омолаживающая, тестер, 5 мл	5	19	0		
	Уход за комбинированной и жирной кожей лица					
0931	Гель-актив себоконтроль SPF-5, 30 мл	9	177	11		
2911	Гель-актив себоконтроль SPF-5, тестер, 5 мл	5	19	0		
0932	Крем-антиоксидант, 50 мл	10	164	10		
2912	Крем-антиоксидант, тестер, 5 мл	5	19	0		
0933	Лосьон-тоник противовоспалительный, 200 мл	8	297	18		
0934	Маска стягивающая очищающая, 50 мл	6	159	10		
2913	Маска стягивающая очищающая, тестер, 5 мл	5	19	0		
0935	Пенка для умыв. с экстр. кр. листьев виногр. – для норм. и комб. кожи, 200 мл	8	212	13		
	Уход за кожей тела					
0941	Крем-бальзам для ног бактерицидный, 100 мл	10	248	15		
2914	Крем-бальзам для ног бактерицидный, тестер, 5 мл	5	19	0		
0994	Крем-гель для душа расслабляющий, 200 мл	8	158	10		
0942	Масло для тела увлажняющее, 150 мл	6	248	15		
0943	Мыло жидкое антисептическое, 250 мл	5	246	15		
0944	Пена для ванн релаксирующая, 300 мл	7	228	14		
0945	Пенка для интимного ухода, 200 мл	8	229	14		
0996	Пудра жидкая для тела парфюмированная, 150 мл	6	424	26		
2915	Пудра жидкая для тела парфюмированная, тестер, 5 мл	5	19	0		
0948	Фитокрем для рук и ногтей, 75 мл	10	178	11		
2916	Фитокрем для рук и ногтей, тестер, 5 мл	5	19	0		
	Уход за волосами					
0951	Кондиционер-ополаскиватель, 150 мл	7	196	12		
2917	Кондиционер-ополаскиватель, тестер, 50 мл	5	66	4		
0953	Лосьон для укрепления и роста волос, 150 мл	6	242	15		
0954	Шампунь балансирующий три в одном, 200 мл	11	212	13		
2918	Шампунь балансирующий три в одном, тестер, 50 мл	5	55	4		
0955	Шампунь профилактический, 200 мл	11	210	13		
2919	Шампунь профилактический, тестер, 50 мл	5	55	4		
	Средства для мужчин					
0961	Актив-гидратант после бритья, 50 мл	10	141	9		
2920	Актив-гидратант после бритья, тестер, 5 мл	5	19	0		
0969	Актив-дезодорант для мужчин, 50 мл	7	125	8		
0968	Вода туалетная для мужчин "Лидер", 8 мл	10	247	15		
0962	Гель для душа бодрящий, 200 мл	8	140	9		
0963	Лосьон после бритья тонизирующий, 150 мл	6	178	11		
0965	Масло для бритья, два в одном, 30 мл	6	180	11		
	Средства для детей					
0991	Дымка для тела SPF-25 "Аргоша", 100 мл	1	317	17		
0971	Крем детский с календулой "Аргоша", 50 мл	10	129	8		
2921	Крем детский с календулой "Аргоша", тестер, 5 мл	5	19	0		
0972	Масло противовоспалительное с шиповником "Аргоша", 150 мл	10	161	10		
0973	Молочко бархатистое с маслом моркови "Аргоша", 150 мл	10	174	11		
2922	Молочко бархатистое с маслом моркови "Аргоша", тестер, 5 мл	5	19	0		
0974	Пена для ванн с pH 5,5 "Аргоша", 300 мл	7	164	10		
0975	Пенка для умывания с азуленом "Аргоша", 200 мл	8	207	13		
0976	Шампунь без слез с ромашкой "Аргоша", 200 мл	10	145	9		
	Специальные косметические средства					
0981	Духи "Мой стиль", 5 мл	10	245	15		
0983	Крем тональный 01 бежевый, 30 мл	1	345	21		
2923	Крем тональный 01 бежевый, тестер, 5 мл	5	19	0		
0984	Крем тональный 01 светло-бежевый, 30 мл	1	345	21		
2924	Крем тональный 01 светло-бежевый, тестер, 5 мл	5	19	0		
0985	Крем тональный 02 пастельный, 30 мл	1	345	21		
2925	Крем тональный 02 пастельный, тестер, 5 мл	5	19	0		
0986	Крем тональный 02 светло-пастельный, 30 мл	1	345	21		
2926	Крем тональный 02 светло-пастельный, тестер, 5 мл	5	19	0		
	Солнцезащитные средства					
0993	Спрей для тела солнцезащитный SPF-30, 150 мл	1	335	18		
	ЗАО НПФ "Новь"					
0185	Ассорти "Маски", 90 г (6 пакетиков по 15 г в наборе)	10	119	7		
0186	Ассорти "Скрабы", 105 г (7 пакетиков по 15 г в наборе)	10	119	7		
0142	Гель-скраб "Кия" с экстрактом алоэ, 200 г	10	205	14		
0144	Гель-скраб "Кия" с экстрактом ромашки, 200 г	10	205	14		
0146	Гель-скраб "Кия" с экстрактом череды, 200 г	10	205	14		
0182	Крем-маска "Княжна", 130 г	9	155	11		
0156	Крем-маска "Княжна", 80 г	15	130	8		
0149	Маска косметическая "Клеопатра", 200 г	10	162	11		
0151	Маска косметическая "Минеральная", 200 г	10	162	11		
0188	Маска косметическая "Царица", 150 г (10 пакетиков по 15 г)	10	167	11		
0179	Маска-лифтинг "Чаровница", 150 г	9	143	9		
0154	Масло косметическое КИЯ, 30 мл	10	255	17		
0158	Пудра-сорбент "Кия", 60 г	6	209	14		
0175	Скраб "Кия" "Ванильная карамель", 200 г	10	205	14		
0176	Скраб "Кия" "Лимон", 200 г	10	205	14		
0184	Скраб "Нежный" "Пудровая нежность", 130 г	9	143	9		
0177	Скраб "Нежный" "Пудровая нежность", 80 г	15	143	9		
0183	Скраб "Нежный", 130 г	9	141	9		
0160	Скраб "Нежный", 80 г	15	142	9		
	ООО "НИИ ЛОП и НТ"					
0251	Масло косметическое "l'amour sucre", 125 мл	4	423	25		
0252	СПА-скраб "l'amour sucre", 300 мл	3	423	25		
	ООО "Биолит"					
0380	Бальзам "Чистотел", 75 мл	10	492	35		
0393	Бальзам "Чистотел", туба, 20 мл	5	197	15		
0351	Бальзам для волос, 50 мл	20	79	6		
0352	Ванна скипидарная N1, 250 мл	5	285	22		
0353	Ванна скипидарная N2, 250 мл	5	294	22		
0385	Гель "Эплир", 20 мл	10	92	7		
0373	Гель для интимной гигиены "Блаженство", 20 мл	10	92	7		
0354	Гель против ушибов "Арктика", 30 мл	10	103	8		
0355	Гель рассасывающий "Мамавит", 50 мл	7	279	22		
0377	Концентрат березовый для ног "Бетулан", кашицеобразный продукт, 40 г	20	54	4		
0378	Концентрат на основе молочной сыворотки, жидкость, 150 мл	4	162	12		
0374	Концентрат с экстрактом корня лопуха, жидкость, 150 мл	4	186	14		
0381	Концентрат с экстрактом листа крапивы, жидкость, 150 мл	4	162	12		
0387	Крем "Ширлайн", 50 мл	14	105	8		
0386	Крем "Эплир", 50 мл	12	181	14		
0357	Крем антиаллергический "Солхинол", 30 мл	10	103	8		
0358	Крем антиварикозный "Венорм", 50 мл	14	128	10		
0359	Крем антигрибковый "Микодонт", 30 мл	10	103	8		
0360	Крем антипсориазный "Пикладол", 30 мл	10	103	8		
0382	Крем массажный "Мумие", 50 мл	14	142	11		
0361	Крем массажный противовоспалительный "Эсобел", 50 г	14	147	11		
0362	Крем массажный с экстрактом сабельника "Эсобел", 50 мл	14	147	11		
0363	Крем противовоспалительный "Флорента", 30 мл	10	90	7		
0383	Крем с экстрактом каллизии душистой "Эсобел", 50 мл	14	147	11		
0364	Маска восстанавливающая и питательная, 75 мл	14	133	10		
0365	Маска для быстрого восстановления кожи, 75 мл	14	133	10		
0379	Маска на основе молочной сыворотки, 150 мл	4	162	12		
0366	Маска очищающая и увлажняющая, 75 мл	14	133	10		
0376	Маска с экстрактом корня лопуха, 150 мл	8	169	13		
0384	Маска с экстрактом крапивы, 150 мл	4	162	12		
0372	Масло "Эплир", 10 мл	30	66	5		
0371	Соль для ванн "Эсобел", гранулы, 50 г	14	118	9		
	ООО "Дон"					
1038	Бальзам для губ "Поцелуй", 10 мл	9	81	6		
1001	Гель для антисептической обработки рук "Санитар", 75 мл	8	81	6		
1031	Гель для душа "Пихтовый", туба, 200 мл	6	127	9		
1024	Дезодорант-антиперспирант "Этна", жидкость, 125 мл	7	124	9		
1006	Крем антицеллюлитный "Форма А", 100 мл	8	184	13		
1007	Крем для проблемной кожи "Бэлль", 50 мл	8	130	9		
1032	Крем для тела  восстанавливающий "Форма А", 200 мл	6	170	12		
1027	Крем от комаров и мошек "Акомарин", 125 мл	7	112	8		
1009	Крем, усиливающий пигментацию "Витасан", 100 мл	4	464	33		
1022	Крем-бальзам "Артро-Хвоя", 50 мл	15	153	11		
1011	Крем-бальзам "Донна", 50 мл	8	128	9		
1028	Крем-бальзам "Зимний", 50 мл	15	140	10		
1026	Крем-бальзам "Таежный", 50 мл	15	160	11		
1023	Крем-бальзам "Целитель", 50 мл	15	153	11		
1015	Крем-дезодорант для ног "Степ", 50 мл	8	131	9		
1030	Лед косметич. отбеливающий "Аврора", лосьон для пригот. льда, 200 мл	6	110	8		
1016	Лосьон для размягчения огрубевшей кожи, жидкость, 10 мл	9	94	7		
1037	Набор пробников продукции ООО "Дон" (32 пакетика по 3 мл) 	8	287	10		
1018	Средство для сухой чистки рук "Автошик", 125 мл	7	82	6		
1020	Средство по уходу за ногтями "Миг", порошок, 50 г	4	117	9		
1025	Средство по уходу за полостью рта "АргоДент", 200 мл	6	145	10		
	ООО НПФ "Марианна"					
1147	Аромаэмульсия "Мерцание звезд", "Ниагара", 8 мл	6	74	5		
1148	Аромаэмульсия "Мерцание звезд", "Фитнес", 8 мл	6	74	5		
1149	Аромаэмульсия "Мерцание звезд", "Энергия", 8 мл	6	74	5		
1140	Эмульсия "Рициниол" "Камертон", 10 мл	6	74	5		
1139	Эмульсия "Рициниол" "Лавандовый", 10 мл	6	74	5		
1141	Эмульсия "Рициниол" "Молодость", 10 мл	6	74	5		
1142	Эмульсия "Рициниол" "Сильфида", 10 мл	6	74	5		
1143	Эмульсия "Рициниол" "Ясный взор", 10 мл	6	74	5		
1113	Эмульсия "Рициниол" (базовый), 15 мл	6	100	7		
1104	Эмульсия "Рициниол" (базовый), 30 мл	8	161	11		
1144	Эмульсия "Рициниол" (базовый), 60 мл	3	282	20		
1112	Эмульсия "Рициниол" с маслом шалфея, 15 мл	6	116	8		
1102	Эмульсия "Рициниол" с маслом шалфея, 30 мл	8	192	13		
1145	Эмульсия "Рициниол" с маслом шалфея, 60 мл	3	339	23		
1114	Эмульсия "Рициниол-В", 15 мл	6	117	8		
1115	Эмульсия "Рициниол-И (Интим)", 15 мл	6	118	8		
1107	Эмульсия "Рициниол-К", 10 мл	6	86	6		
1146	Эмульсия "Рициниол-К", 4 мл + "Рициниол-Н", 8 мл, двойной флакон	8	141	10		
1116	Эмульсия "Рициниол-Н", 15 мл	6	86	6		
1150	Эмульсия "Рициниол-О" с помпой, 35 мл	8	148	10		
1109	Эмульсия "Рициниол-О", 30 мл	8	130	9		
1117	Эмульсия "Рициниол-П", 15 мл	6	117	8		
1118	Эмульсия "Рициниол-С", 15 мл	6	117	8		
	ООО "ВекторПро"					
1203	Гель "АргоВасна Вита", 60 г	8	209	15		
1204	Гель "АргоВасна Календула", гель, 25 г	8	96	7		
1205	Гель "АргоВасна Орех", 25 г	8	96	7		
1206	Гель "АргоВасна Орех", 60 г	8	209	15		
1208	Гель "АргоВасна Прополис", 25 г	8	96	7		
1209	Гель "АргоВасна Сирень",  25 г	8	96	7		
1210	Гель "АргоВасна Сирень", 60 г	8	209	15		
1216	Гель "АргоВасна" (базовый) с помпой, 50 мл	6	266	18		
1201	Гель "АргоВасна" (базовый), 25 г	8	96	7		
1213	Гель "ЛактоХит", 50 мл	6	294	20		
1214	Гель "ХелаЦинк", 50 мл	6	286	20		
1215	Гель-активатор "ХелаГолд", 50 мл	6	560	40		
1217	Гель-бальзам "Артро-Злато", 80 мл	6	607	43		
	ООО "Пенталис"					
1316	Аромамедальон	10	64	4		
1322	Аромаплитка массажная "Сладкие грезы", 70 г	10	176	12		
1317	Бальзам антицеллюлитный "Золотая лань", капсулы по 4,5 г, 5 шт	10	87	6		
1302	Бальзам для век "Драгоценная роса", капсулы, 12 шт	10	87	6		
1318	Бальзам для волос "Шелковая нить", капсулы по 4,5 г, 5 шт	10	87	6		
1304	Бальзам для лица и шеи "Ласковый ветер", капсулы, 12 шт	10	87	6		
1305	Бальзам для ногтей "Миндальный мотив", капсулы, 15 шт	10	87	6		
1306	Жемчужины для ванн "Антистресс", капсулы, 8 шт	10	87	6		
1307	Жемчужины для ванн "Наедине", капсулы, 8 шт	10	87	6		
1308	Жемчужины для ванн "Тонус", капсулы, 8 шт	10	87	6		
1309	Жемчужины для ванн "Целебные", капсулы, 8 шт	10	87	6		
1324	Масло эфирное "Апельсин", 5 мл	10	55	4		
1326	Масло эфирное "Бергамот", 5 мл	10	96	7		
1325	Масло эфирное "Иланг-Иланг", 5 мл	10	156	11		
1310	Масло эфирное "Лаванда", 5 мл	10	120	9		
1311	Масло эфирное "Лимон", 5 мл	10	59	4		
1312	Масло эфирное "Пачули", 5 мл	10	122	9		
1313	Масло эфирное "Чайное дерево" (домашняя аптечка в одном флаконе), 5 мл 	10	97	7		
1314	Масло эфирное "Эвкалипт", 5 мл	10	56	4		
1336	Мыло натур. "Органик Лайф" с маслом авокадо и сандалом, 80 г	4	145	10		
1338	Мыло натур. "Органик Лайф" с маслом ним и таману, 80 г	4	145	10		
1337	Мыло натур. "Органик Лайф" с маслом ши и перуанским бальзамом, 80 г	4	145	10		
1332	Набор "В добрый путь", аромамед. + комп. 100% эфирн. масел, 5 мл	4	213	15		
1327	Набор "За верность АРГО", аромамед. + комп. 100% эфирн. масел, 5 мл	4	231	16		
1335	Набор "Здоровье женщины", аромамед. + комп. 100% эфирн. масел, 5 мл	4	234	16		
1330	Набор "Иммунный щит", аромамед. + комп. 100% эфирн. масел, 5 мл	4	217	15		
1334	Набор "Песня сердца", аромамед. + комп. 100% эфирн. масел, 5 мл	4	251	17		
1329	Набор "Победитель", аромамед. + комп. 100% эфирн. масел, 5 мл	4	238	16		
1328	Набор "С чистого листа", аромамед. + комп. 100% эфирн. масел, 5 мл	4	213	15		
1333	Набор "Солнышко", аромамед. + комп. 100% эфирн. масел, 5 мл	4	198	14		
1331	Набор "Умиротворение", аромамед. + комп. 100% эфирн. масел, 5 мл	4	232	16		
1319	Плитка душистая "Бархатный сезон", 90 г	10	169	12		
	ООО "Биакс"					
1405	Бальзам "Хвойный дар" мятный, 10 мл	10	118	8		
1406	Бальзам "Хвойный дар" орехово-зверобойный, 10 мл	10	118	8		
1401	Бальзам "Хвойный дар", 10 мл	10	118	8		
1403	Ингалятор с бальзамом, набор	10	139	9		
	ООО "Янеж"					
1502	Бальзам серии "Раритет": "Календула", 15 мл	10	117	8		
	ООО "Прицеро-П"					
1918	Ванны шунгитовые, 200 г	1	132	10		
1919	Крем шунгитовый, 100 г	27	286	20		
1905	Соль океаническая "Пихта", 700 г	14	103	7		
1901	Средство дезодорирующее "Антидымок "Парус", гранулы, 70 г	10	73	5		
	ООО "ФитоЛайн"					
2309	Гель после депиляции "Альфион", 150 мл	4	223	15		
2312	Крем антицеллюл. моделирующий с экстр. царского дерева и периллы, 150 мл	4	223	15		
2308	Крем-депилятор "Альфион", 100 мл	3	223	15		
2313	Лифтинг-маска с экстр. царского дерева для лица (тканевая), 10 мл	6	130	9		
2316	Лифтинг-маска с экстр. царского дерева для шеи и подбородка (тканевая), 6 мл	6	130	9		
2314	Маска питательная с экстр. царского дерева для кожи рук (тканевая), 10 мл	6	116	8		
2315	Маска разглажив. с экстр. царского дерева для декольте (тканевая), 10 мл	6	130	9		
2318	Мыло туалетное глицериновое "Фитолон", 70 г	3	270	18		
2322	Освежитель полости рта с экстрактом семян периллы, 50 мл	5	145	10		
2301	Паста зубная "Аргодент Море", 75 мл	18	85	6		
2302	Паста зубная "Аргодент Хвоя", 75 мл	18	85	6		
2303	Паста зубная "Бебидент вкусняшка", 75 мл	12	74	5		
2311	Пилинг-гель для тела с люффой, экстр. царск. дер. и маслом "Каротино", 150 мл	4	174	12		
2310	Спрей с экстрактом царского дерева для укладки волос, 150 мл	4	194	13		
2317	Сыворотка с экстр. царск. дер. для укреп. и восстан. волос (несмыв.), 100 мл	5	250	17		
	ООО "Сплат-косметика"					
2402	Паста зубная "Апачи", антикариесная, 75 мл	10	82	6		
2403	Паста зубная "Апачи", отбеливающая, 75 мл	10	82	6		
2405	Паста зубная "Апачи", укрепление десен, 100 г	10	82	6		
	Продукция оздоровительно-бытового назначения					
	ООО "Сибирь-Цео"					
1605	АРГО-душ	1	697	40		
1606	Дополнительный фильтрующий комплект "АРГО+"	1	320	18		
1618	Картридж для фильтра под мойку "Водолей-БКП" полипропиленовый	1	176	7		
1619	Картридж для фильтра под мойку "Водолей-БКП" угольный	1	352	18		
1620	Картридж для фильтра под мойку "Водолей-БКП" умягчающий	1	415	21		
1621	Картридж для фильтра под мойку "Водолей-БКП" цеолитовый	1	385	20		
1622	Картридж для фильтра под мойку "Водолей-БКП" шунгитовый	1	478	25		
1614	Картридж для фильтра-кувшина "Водолей" для уменьш. жесткости воды	3	238	12		
1612	Картридж для фильтра-кувшина "Водолей" угольно-цеолитовый	3	192	10		
1613	Картридж для фильтра-кувшина "Водолей" шунгитовый	3	217	11		
1616	Картридж для фильтров "АРГО-К" и "АРГО-МК" для уменьш. жесткости воды	3	477	25		
1607	Картридж для фильтров "АРГО-К" и "АРГО-МК" угольно-цеолитовый	3	432	23		
1615	Картридж для фильтров "АРГО-К" и "АРГО-МК" шунгитовый	3	453	24		
1608	Комплект запасной для фильтров "АРГО" и "АРГО-М"	8	235	12		
1624	Комплект картриджей для фильтра высокопроизводит. "Водолей-БКП"	1	4080	120		
1601	Фильтр "АРГО"	6	788	47		
1602	Фильтр "АРГО-К" (картриджный вариант)	6	852	50		
1603	Фильтр "АРГО-М"	6	812	48		
1604	Фильтр "АРГО-МК" (картриджный вариант)	6	881	52		
1623	Фильтр высокопроизводительный "Водолей-БКП"	1	16570	500		
1617	Фильтр под мойку "Водолей-БКП"	1	3912	150		
1611	Фильтр-кувшин "Водолей"	6	678	33		
1609	Элемент фильтрующий для "АРГО+"	1	187	10		
1610	Элемент фильтрующий для "АРГО-душ"	1	410	21		
	ООО "Ляпко"					
1724	АЛ "Волшебная лента "Здоровье" (3 сегмента, шаг игл 4,3 мм, длина 135 см)	1	1546	90		
1725	АЛ "Волшебная лента "Здоровье" (7 сегментов, шаг игл 4,3 мм, длина 315 см)	1	3150	180		
1703	АЛ "Двойной" (шаг игл 5,8 мм; размер 105 х 460 мм)	5	848	50		
1707	АЛ "Двойной" (шаг игл 6,2 мм; размер 105 х 460 мм)	5	777	46		
1704	АЛ "Квадро" (шаг игл 5,8 мм; размер 120 х 470 мм)	5	949	55		
1708	АЛ "Квадро" (шаг игл 6,2 мм; размер 120 х 470 мм)	5	886	52		
1709	АЛ "Коврик" (шаг игл 6,8 мм; размер 250 х 465 мм)	5	1577	90		
1701	АЛ "Малыш" (шаг игл 3,5 мм; размер 35 х 80 мм)	20	76	4		
1705	АЛ "Одинарный" (шаг игл 5,8 мм; размер 105 х 230 мм)	10	430	25		
1710	АЛ "Одинарный" (шаг игл 6,2 мм; размер 105 х 230 мм)	10	389	23		
1702	АЛ "Ромашка" (шаг игл 5,0 мм; D = 300 мм)	5	1391	80		
1706	АЛ "Спутник" (шаг игл 5,8 мм; размер 60 х 180 мм и 50 х 180 мм)	10	182	11		
1711	АЛ "Спутник" (шаг игл 6,2 мм; размер 60 х 180 мм и 50 х 180 мм)	10	188	11		
1720	АЛ "Шанс" (шаг игл 4,9 мм; размер 105 * 235 мм)	10	492	29		
1722	Аппликатор "Стелька-скороход", размер 37-40, 2 шт	5	785	46		
1721	Аппликатор "Стелька-скороход", размер 40-43, 2 шт	5	887	52		
1723	Аппликатор "Стелька-скороход", размер 43-46, 2 шт	5	1027	60		
1717	Аппликатор-пояс "Малыш"	25	680	40		
1718	Аппликатор-пояс "Спутник"	8	1391	80		
1714	Валик "Большой" (шаг игл 5,0 мм; D = 63 мм; ш = 105 мм)	17	712	42		
1712	Валик "Лицевой" (шаг игл 3,5 мм; D = 45 мм; ш = 30 мм)	55	423	25		
1713	Валик "Универсальный" (шаг игл 3,5 мм; D = 45 мм; ш = 70 мм)	30	629	37		
1715	Массажер "Фараон"	10	167	10		
1719	Массажер "Фараон-М" 	10	188	11		
	ООО "Прицеро-П"					
1914	Коврик массажный шунгитовый	10	555	37		
1902	Накладка антиэлектромагнитная "Магралит-Т"	10	315	21		
1910	Накладка спинная шунгитовая	7	437	29		
1911	Наколенник шунгитовый	14	330	22		
1915	Оберег шунгитовый (большой)	25	160	12		
1916	Оберег шунгитовый (малый)	25	123	9		
1917	Пирамидка шунгитовая	10	280	19		
1912	Пояс шунгитовый	20	223	15		
1913	Шунгит для минерализации воды	20	124	9		
	ООО "ЭМ-центр"					
2021	Биодезодорант бытовой "Эмикс", концентрат, 25 мл	8	130	9		
2010	Биоудобрение "Байкал ЭМ-1" концентрированное, 14 мл	27	87	6		
2001	Биоудобрение "Байкал ЭМ-1" концентрированное, 40 мл	27	218	15		
2008	Конц. для предотвр. (уничтож.)  запахов и пригот. компоста "Тамир", 30 мл	27	158	11		
2018	Конц. кормовой "ЭМ-курунга" (ВетЭМ), 20 мл	10	140	10		
2007	Конц. против болезней и вредителей растений "ЭМ-5", 50 мл	27	152	11		
2003	Подкормка для растений сухая "Ургаса", 150 г	8	115	8		
2002	Среда питательная "ЭМ-патока", 100 мл	6	71	5		
2020	ЭМ-доска (подставка вкуса)	5	259	18		
2009	ЭМ-керамика	8	128	9		
2024	ЭМ-керамика с усиленными свойствами	12	149	10		
2014	ЭМ-контейнер	10	207	14		
2019	ЭМ-контейнер (набор из 3 шт.)	3	513	35		
2006	ЭМ-культиватор	7	377	25		
2013	ЭМ-пластина	10	59	4		
	ООО МЭкЦ "Дюны"					
2102	Аппарат ароматизирующий ультразвуковой "ЭфА"	1	1630	110		
2101	Аппарат световой терапии "Дюна-Т"	1	2016	135		
2103	Устройство стирающее ультразвуковое "Дюна"	1	1492	100		
	ООО "РУСЛАНА-ЕС"					
2212	Реагент 3000 "Супердрайв"	5	994	60		
2213	Реагент 3000 для АКПП	5	530	35		
2214	Реагент 3000 для ГУР	5	357	22		
2215	Реагент 3000 для двигателя	5	661	40		
2217	Реагент 3000 для топливной системы, 10 шприцев	3	708	45		
2216	Реагент 3000 для топливной системы, 3 шприца	5	232	15		
2218	Реагент 3000 для трансмиссии	5	261	17		
2204	Рекристаллизатор	6	282	18		
	ООО "Алтом-Консульт"					
2701	Губка Локс-эко	20	14	1		
2708	Емкость с распылителем	20	47	2		
2702	Концентрат Локс-эко, 250 мл	10	168	12		
2703	Средство против вредителей растений Слокс-эко, 110 мл	7	64	4		
2712	Средство против вредителей растений Слокс-эко, 250 мл	5	100	6		
2705	Средство против моли и клопов СЛОКС-эко	7	64	4		
2704	Средство против моли Слокс-эко	10	43	3		
2709	Удобрение для подкормки и защиты растений от вред. Слокс-эко, 500 мл	12	110	7		
2710	Удобрение для укрепления корневой системы Слокс-эко, 500 мл	12	98	6		
2711	Удобрение комплексное для подкормки растений Слокс-эко, 500 мл	12	95	6		
2713	Хитозановый стимулятор роста растений Слокс-эко, концентрат, 5 мл	9	96	6		
	ИП Быков					
2801	Полустельки супинированные, размер 36–38	10	441	30		
2804	Полустельки супинированные, размер 39	10	441	30		
2802	Полустельки супинированные, размер 40–42	10	441	30		
2803	Полустельки супинированные, размер 43–45	10	441	30		
	ЗАО НПФ "Новь"					
0191	Дезодорант-осушитель, 300 г	40	97	7		
0194	Добавка минеральная для животных, 1000 г	12	79	6		
0197	Сорбент-очиститель универсальный для холодильников	10	128	9		
0198	Сорбент-очиститель универсальный для чайников	10	277	18		
0199	Устройство стирающее ультразвуковое  "Факт"	1	1066	75		
	ООО "Дон"					
1053	Аппарат для местной дарсонвализации АМД "ДОН"	1	1865	100		
1050	Гель для ручной стирки "Марго", 500 г	4	194	13		
1051	Гель для стирки в автоматической стиральной машине "Марго", 500 г	4	194	13		
1058	Доска разделочная антисептическая "АРГО+"	5	236	16		
1059	Озонатор	1	3120	160		
1057	Средство для мытья посуды "Марго", помпа, 250 мл	6	125	9		
1054	Электрод "Грибок" для АМД "ДОН"	1	219	8		
1055	Электрод "Десенный" для АМД "ДОН"	1	219	8		
1056	Электрод "Расческа" для АМД "ДОН"	1	286	11		
	ООО "Биакс" 					
1407	Освежитель интерьерный "Ривьера", 140 см3	5	192	13		
1408	Освежитель интерьерный "Таити", 140 см3	5	192	13		
1409	Освежитель интерьерный "Фиджи", 140 см3	5	192	13		
	ООО НПФ "Элмет"					
3201	Полимедэл, пленка	10	347	30		
	ООО "Стильные вещи"					
3301	Кейс АРГО большой	1	1560	50		
3302	Кейс АРГО малый	1	1155	30		
3305	Раскладная сумка	1	205	10		
3304	Раскладной рюкзак	1	205	10		
3303	Супер-салфетки набор, 4 шт	30	234	10		
	ООО "Дэльфа"					
0519	Коврик массажный для сиденья "Таежный целитель"	2	671	42		
	ООО "ФитоЛайн"					
2320	Средство для предотвращения появления плесени и грибка, 1 л	1	436	30		
2319	Средство для предотвращения появления плесени и грибка, 100 мл	4	250	17		
	Декоративная косметика АРГО					
8001	Лак для ногтей, 15 мл 	1	189	11		
8002	Лак для ногтей, 15 мл 	1	189	11		
8003	Лак для ногтей, 15 мл 	1	225	13		
8004	Лак для ногтей, 15 мл 	1	225	13		
8005	Лак для ногтей, 15 мл 	1	189	11		
8006	Лак для ногтей, 15 мл 	1	189	11		
8007	Лак для ногтей, 15 мл 	1	225	13		
8008	Лак для ногтей, 15 мл 	1	189	11		
8009	Лак для ногтей, 15 мл 	1	189	11		
8010	Лак для ногтей, 15 мл 	1	189	11		
8011	Лак для ногтей, 15 мл 	1	189	11		
8012	Лак для ногтей, 15 мл 	1	189	11		
8013	Лак для ногтей, 15 мл 	1	189	11		
8014	Лак для ногтей, 15 мл 	1	189	11		
8015	Лак для ногтей, 15 мл 	1	189	11		
8016	Лак для ногтей, 15 мл 	1	189	11		
8017	Лак для ногтей, 15 мл 	1	189	11		
8018	Лак для ногтей, 15 мл 	1	189	11		
8019	Лак для ногтей, 15 мл 	1	189	11		
8020	Лак для ногтей, 15 мл 	1	189	11		
8021	Лак для ногтей, 15 мл 	1	189	11		
8022	Лак для ногтей, 15 мл 	1	189	11		
8023	Лак для ногтей, 15 мл 	1	189	11		
8024	Лак для ногтей, 15 мл 	1	189	11		
8025	Лак для ногтей, 15 мл 	1	189	11		
8026	Лак для ногтей, 15 мл 	1	189	11		
8027	Лак для ногтей, 15 мл 	1	189	11		
8028	Лак для ногтей, 15 мл 	1	189	11		
8029	Лак для ногтей, 15 мл 	1	189	11		
8030	Лак для ногтей, 15 мл 	1	189	11		
8031	База	1	189	11		
8032	Сушка	1	189	11		
8083	Карандаш для бровей	1	117	7		
8084	Карандаш для век	1	100	6		
8085	Карандаш для век	1	100	6		
8086	Карандаш для век	1	100	6		
8087	Карандаш для век	1	100	6		
8088	Карандаш для губ	1	100	6		
8089	Карандаш для губ	1	100	6		
8090	Карандаш для губ	1	100	6		
8091	Карандаш для губ	1	100	6		
8092	Карандаш для губ	1	100	6		
8093	Подводка для век	1	169	10		
8094	Карандаш-тени для век	1	172	10		
8095	Карандаш-тени для век	1	172	10		
8096	Карандаш-тени для век	1	172	10		
8097	Карандаш-тени для век	1	172	10		
8098	Карандаш-тени для век	1	172	10		
8099	Карандаш для французского маникюра	1	82	5		
8100	Точилка для карандашей	1	210	12		
8101	Карандаш для век с растушевкой	1	167	10		
8102	Карандаш для век с растушевкой	1	167	10		
	Декоративная косметика SHANISS					
7206	Тестер "Эйфория", 3 мл	10	50	2		
7207	Тестер "Ангел", 3 мл	10	50	2		
