	Прайс-лист для Участников Компании АРГО					
	Действителен на момент публикации 02.01.2015. Не является офертой (ст. 437 ГК РФ)					
Код	Наименование	Цена* за единицу, руб.	Баллы	Блок, едениц		Для расчета цен с учетом транспортного коэффициента введите в ячейку расположенную под этой надписью свой транспортный коэффициент в процентах.
	Алтом-Консульт					
9826	Бр. Сборник материалов о продукции Алтом-Консульт	25				
9301	Бук. Продукция ООО «Алтом-Консульт» 	5				0,00%
2702	Концентрат «Локс-эко», 250 мл	219	12	10		Для расчета цен в другой валюте введите в ячейку расположенную под этой надписью коэффициент пересчета цен.
2712	Слокс-эко для растений, 250 мл	150	8	5		
2714	Средство против грызунов «Слокс-эко», 4 таблетки	145	8	10		
2704	Средство против моли «Слокс-эко», 1,2 г	70	4	10		
2705	Средство против моли и клопов «Слокс-эко», 110 мл	99	5	7		1,0000
2713	Стимулятор роста растений хитозановый «Слокс-эко», концентрат, 5 мл	135	7	15		Для определения точности расчета цен укажите в ячейке под этой надписью количество цифр после запятой.
2711	Удобрение органическое для комплексной подкормки растений «Слокс-эко», 500 мл	131	7	12		
2709	Удобрение органическое для подкормки и защиты растений от вред. «Слокс-эко», 500 мл	147	8	12		0
2710	Удобрение органическое для укрепления корневой системы «Слокс-эко», 500 мл	133	7	12		
	Апифарм					
9122	Бр. Ваш АПИФАРМ (вып.2)	18				
9184	Бр. Вместе мы - сила	73				
9631	Бук. Лептины – быстрая помощь организму 	7				
0726	Адиабетон, капсулы, 100 шт	636	40	8		
0701	Аргосластин, таблетки, 200 шт	196	13	10		
0706	Вазолептин, таблетки, 50 шт	404	24	10		
0720	Гемолептин, таблетки, 50 шт	404	24	10		
0707	Гепатолептин, таблетки, 50 шт	404	24	10		
0715	Карамель леденцовая «Плантико Кардиолептин», 33 г	46	3	5		
0717	Карамель леденцовая «Плантико Лептопротект», 33 г	46	3	5		
0708	Кардиолептин, таблетки, 50 шт	404	24	10		
0702	Каталитин, таблетки, 100 шт	728	47	5		
0703	Каталитин, таблетки, 40 шт	304	20	10		
0728	Конфеты таблетированные с растительными экстрактами «Аргофемин», 100 шт	490	30	10		
0729	Конфеты таблетированные с растительными экстрактами «НекурИт», 100 шт	490	30	10		
0722	Концентрат сухой напитка безалкогольного «Алкостоп», 5 пакетов по 10 г	243	16	5		
0725	Концентрат сухой напитка безалкогольного «Варико-стоп»,  20 пакетов по 10 г	487	31	3		
0724	Концентрат сухой напитка безалкогольного «Инфлю-стоп», 10 пакетов по 10 г	296	17	6		
0709	Лептоник, таблетки, 50 шт	404	24	10		
0710	Лептопротект, таблетки, 50 шт	404	24	10		
0711	Лептоседин, таблетки, 50 шт	404	24	10		
0721	Мумичага 100, таблетки, 100 шт	513	30	5		
0704	Набор «Рецепт успеха»	2760	170	1		
0712	Нефролептин, таблетки, 50 шт	404	24	10		
0718	Офтальмолептин, таблетки, 50 шт	404	24	10		
0727	Пентабион, капсулы, 56 шт	376	23	10		
0705	Хитолан, таблетки, 40 шт	355	22	10		
0719	Хондролептин, таблетки, 50 шт	404	24	10		
0713	Энтеролептин, таблетки, 50 шт	404	24	10		
	АРГО ЭМ-1					
9273	Бр. Ветэм	16				
9271	Бр. Курунговит	10				
9651	Бр. Советы бывалых огородников	8				
9361	Бр. Чудо-технология	11				
9362	Бр. ЭМ-Курунга	8				
9541	Бр. ЭМ-Курунга - ваше здоровье	7				
9524	Бр. ЭМ-технология	11				
9317	Бук. «Ваше здоровье- вкус жизни»	12				
9140	Оп. Концентрат для защиты растений «Эмикс»	1				
9155	Оп. Продукты кисломолочные сухие «КуЭМсил»	2				
	Здоровое питание					
2026	Продукт кисломолочный «ЭМ-Курунга», капсулы, 60 шт	554	30	15		
2027	Продукт кисломолочный «ЭМ-Курунга», порошок, 3 пак. по 2 г	170	10	8		
2025	Продукт кисломолочный «ЭМ-Курунга», таблетки, 30 шт	175	10	18		
2023	Продукт кисломолочный «ЭМ-Курунга», таблетки, 60 шт	370	20	18		
2016	Продукт кисломолочный сухой «Курунговит ЖКТ», таблетки, 60 шт	251	15	5		
2015	Продукт кисломолочный сухой «Курунговит», таблетки, 60 шт	207	12	5		
2017	Продукт кисломолочный сухой «Курунговит-С», таблетки, 60 шт	207	12	5		
2037	Продукт кисломолочный сухой «КуЭМсил» Антистресс, таблетки 60 шт	282	16	5		
2036	Продукт кисломолочный сухой «КуЭМсил» Детокс, таблетки 60 шт	282	16	5		
2039	Продукт кисломолочный сухой «КуЭМсил» Тибетское крыло, таблетки 60 шт	305	17	5		
2038	Продукт кисломолочный сухой «КуЭМсил» Фитнес Годжи, таблетки 60 шт	282	16	5		
2035	Продукт кисломолочный сухой «КуЭМсил», таблетки 60 шт	259	15	5		
	Здоровье и быт					
2021	Биодезодорант бытовой «Эмикс», концентрат, 25 мл	137	8	8		
2001	Биоудобрение «Байкал ЭМ-1», концентрат, 40 мл	259	15	27		
2008	Концентрат биопрепарата «Тамир», 30 мл	198	12	27		
2040	Концентрат для защиты растений «Эмикс», 50 мл	202	12	27		
2018	Концентрат кормовой «ЭМ-курунга» (ВетЭМ), 25 г	207	12	15		
2003	Подкормка для растений сухая «Ургаса», 150 г	140	8	8		
2033	Подкормка для растений сухая «Эмикс», 150 г	168	10	8		
2002	Среда питательная «ЭМ-патока», 100 мл	81	5	6		
3303	Супер-салфетки набор, 4 шт	279	12	30		
2031	Удобрение минеральное «ГУМАТЭМ» для защиты растений, 250 мл	163	10	30		
2029	Удобрение минеральное «ГУМАТЭМ» для корневой и внекорневой подкормки культур, 250 мл	133	8	30		
2030	Удобрение минеральное «ГУМАТЭМ» для плодово-ягодных и цветочно-декоративных культур, 250 мл	136	8	30		
2028	Удобрение минеральное «ГУМАТЭМ» универсальное, 250 мл	141	8	30		
2032	ЭМ + салфетки, 1 + 4 шт	272	12	3		
2020	ЭМ-доска (подставка вкуса)	277	16	5		
2034	Эмикс-наклейка	202	12	10		
2024	ЭМ-керамика с усиленными свойствами, 1 шт	168	10	12		
2019	ЭМ-контейнер, 3 шт	623	35	3		
2006	ЭМ-культиватор	375	20	7		
2013	ЭМ-пластина	81	5	10		
	Биакс					
9659	Бр. Хвойный дар	30				
1401	Бальзам «Хвойный дар», 10 мл	166	9	10		
1403	Ингалятор с бальзамом «Хвойный дар», набор	217	12	10		
1408	Крем-бальзам «Витапринол» с живицей, 75 мл	227	13	1		
1407	Крем-карандаш «Витапринол», 10 шт	509	30	1		
	Биолит					
9725	Бр. Растения против паразитов	25				
9729	Бр. Рекомендуемые схемы оздоровления	21				
9687	Бр. Флорента - универсальный доктор	10				
9144	Бук. Побеждай мастопатию 	4				
9545	Сборник Природная Аптека 	77				
	Здоровое питание					
0302	Аргозид, гранулы, 120 г	351	23	10		
0304	Ахиллан, гранулы, 90 г	288	19	10		
0305	Венорм на сорбите, гранулы, 120 г	351	23	10		
0307	Венорм, гранулы, 120 г	351	23	10		
0308	Витамикс, гранулы, 120 г	351	23	10		
0309	Витасел, гранулы, 90 г	288	19	10		
0310	Галега-Нова, гранулы, 90 г	288	19	10		
0341	Гепатосол на сорбите, гранулы, 90 г	242	14	10		
0320	Гепатосол, гранулы, 90 г	242	14	10		
0350	Кальций-Биолит, капсулы, 90 шт	1592	90	2		
0311	Климатон плюс, гранулы, 90 г	288	19	10		
0312	Климатон, гранулы, 90 г	256	17	10		
0316	Липроксол на сорбите, гранулы, 90 г	288	19	10		
0317	Липроксол, гранулы, 90 г	288	19	10		
0301	Марикад, капсулы, 90 шт	1694	100	2		
0314	Напиток концентрированный «Лактавия с соком облепихи и моркови», 100 г	351	23	10		
0315	Напиток концентрированный «Лактавия с соком черники и аронии», 100 г	351	23	10		
3504	Напиток чайный «Популин», 200 мл	856	50	8		
3507	Напиток чайный гранулированный «Гепатосол», 300 г	767	45	1		
3506	Напиток чайный гранулированный «Гепатосол», 90 г	242	14	10		
3502	Напиток чайный гранулированный «Липроксол», 90 г	279	18	10		
3501	Напиток чайный гранулированный «Танаксол плюс», 42 г	209	12	20		
3505	Напиток чайный гранулированный «Уролизин», 120 г	364	24	10		
3503	Напиток чайный гранулированный «Экорсол», 42 г	209	12	20		
3510	Напиток чайный гранулированный на шроте лопуха «Ахиллан», 90 г	226	14	4		
3511	Напиток чайный гранулированный на шроте лопуха «Венорм», 90 г	226	14	4		
3512	Напиток чайный гранулированный на шроте лопуха «Витамикс», 90 г	226	14	4		
3513	Напиток чайный гранулированный на шроте лопуха «Галега-нова», 90 г	226	14	4		
3514	Напиток чайный гранулированный на шроте лопуха «Гепатосол», 90 г	226	14	4		
3515	Напиток чайный гранулированный на шроте лопуха «Флавигран-очанка», 90 г	226	14	4		
3516	Напиток чайный гранулированный на шроте лопуха «Эсобел с экстрактом сабельника», 90 г	226	14	4		
0321	Поликавин, гранулы, 110 г	524	35	10		
0337	Популин, жидкость, 200 мл	856	50	8		
0345	Популин, жидкость, 75 мл	427	25	10		
0323	Простадонт, гранулы, 90 г	288	19	10		
0346	Рейши-Кан, гранулы, 100 г	1919	110	2		
0326	Семена лопуха, капсулы, 190 шт	867	50	2		
0322	Семена солянки холмовой, капсулы, 190 шт	604	35	2		
3508	Танаксол форте, капсулы, 30 шт	418	27	2		
0388	Танаксол, гранулы, 42 г	209	12	20		
0347	Токсидонт-май, жидкость, 75 мл	548	32	8		
0325	Тонизид, гранулы, 90 г	288	19	10		
0327	Уролизин, гранулы, 120 г	351	23	10		
0329	Флавигран, гранулы, 120 г	447	30	10		
0344	Флавигран-очанка, гранулы, 120 г	468	31	10		
0330	Флорента напиток, 200 мл	256	17	48		
0331	Флорента спрей, 50 мл	182	12	10		
0332	Ширлайн с лохеином, гранулы, 30 г	182	12	20		
0338	Ширлайн, гранулы, 120 г	256	17	10		
0334	Ширлайн, гранулы, 30 г	182	12	20		
3509	Экорсол форте, капсулы, 90 шт	857	55	2		
0335	Экорсол, гранулы, 42 г	209	12	20		
0336	Экстракт корня лопуха, жидкость, 75 мл	548	32	10		
0339	Экстракт крапивы, жидкость, 75 мл	564	37	10		
0343	Экстракт подорожника, жидкость, 75 мл	564	37	10		
0394	Эсобел с экстрактом сабельника болотного, гранулы, 120 г	543	36	10		
0306	Эсобел-Арт, капсулы, 90 шт	1204	70	2		
	Наружные средства					
0393	Бальзам «Чистотел», туба, 20 мл	195	12	5		
0351	Бальзам для волос, 50 мл	150	10	20		
0352	Ванна скипидарная №1, 250 мл	351	23	5		
0353	Ванна скипидарная №2, 250 мл	521	35	5		
0385	Гель «Эплир», 20 мл	114	7	10		
0396	Гель для душа «Для мужчин», 250 мл	216	14	2		
0397	Гель для душа «Морской бриз», 250 мл	216	14	2		
0398	Гель для душа «Черная орхидея», 250 мл	216	14	2		
0373	Гель для интимной гигиены «Блаженство», 20 мл	98	6	10		
0354	Гель против ушибов «Арктика», 30 мл	98	6	10		
0355	Гель рассасывающий «Мамавит», 50 мл	242	14	4		
0377	Концентрат березовый для ног «Бетулан», 40 г	98	6	20		
0374	Концентрат с экстрактом корня лопуха, 150 мл	256	17	4		
0381	Концентрат с экстрактом листа крапивы, 150 мл	256	17	4		
0387	Крем «Ширлайн», 50 мл	114	7	14		
0386	Крем «Эплир», 50 мл	256	17	12		
0357	Крем антиаллергический «Солхинол», 30 мл	130	8	10		
0358	Крем антиварикозный «Венорм», 50 мл	146	9	14		
0382	Крем массажный «Мумие», 50 мл	195	12	14		
0362	Крем массажный с экстрактом сабельника «Эсобел», 50 мл	162	10	14		
0363	Крем противовоспалительный «Флорента», 30 мл	130	8	10		
0359	Крем противогрибковый «Микодонт», 30 мл	130	8	10		
0360	Крем противопсориазный «Пикладол», 30 мл	130	8	10		
0376	Маска с экстрактом корня лопуха, 150 мл	228	14	4		
0384	Маска с экстрактом крапивы, 150 мл	228	14	4		
0372	Масло «Эплир», 10 мл	75	5	30		
0371	Соль для ванн «Эсобел», гранулы, 50 г	182	12	20		
0399	Шампунь «Дегтярный», 250 мл	188	11	2		
	Быкова Т.Н.					
9402	Бр. Стелька-тренажер	11				
2801	Полустельки супинированные, размер 36–38	620	35	10		
2804	Полустельки супинированные, размер 39	620	35	10		
2802	Полустельки супинированные, размер 40–42	620	35	10		
2803	Полустельки супинированные, размер 43–45	620	35	10		
	ВекторПро					
9167	Бр. Акне. Угревая сыпь без последствий 	30				
9109	Бр. ХелаГолд	17				
1223	Аргоника коллоидное серебро, 10 мл	524	25	6		
1225	Гель «АльгаРетинол» с витамином А, 50 мл	548	34	6		
1204	Гель «АргоВасна Календула», 25 г	213	10	8		
1218	Гель «АргоВасна Календула», 50 мл	482	25	6		
1205	Гель «АргоВасна Орех», 25 г	213	10	8		
1219	Гель «АргоВасна Орех», 50 мл	482	25	6		
1208	Гель «АргоВасна Прополис», 25 г	213	10	8		
1209	Гель «АргоВасна Сирень»,  25 г	213	10	8		
1221	Гель «АргоВасна Сирень», 50 мл	482	25	6		
1201	Гель «АргоВасна», 25 г	213	10	8		
1216	Гель «АргоВасна», 50 мл	482	25	6		
1217	Гель «АртроЗлато» для суставов и связок, 80 мл	940	50	6		
1224	Гель «Варико» для вен и капилляров, 50 мл	664	35	6		
1226	Гель «Вита» с маслом зародышей пшеницы, 30 мл	384	24	6		
1222	Гель «Вита» с маслом зародышей пшеницы, 50 мл	488	25	6		
1215	Гель «ХелаГолд» с коллоидным золотом, 50 мл	764	40	6		
1214	Гель «ХелаЦинк», 50 мл	488	25	6		
	ВИП					
9164	Оп. Cиденье-тренажер «Спина ОК» (эконом)	1				
4201	Сиденье-тренажер «Спина ОК» (эконом)	2820	120	4		
	ВПК					
3401	Салфетки антисептические стерильные «Эплан от 100 ран», 1 шт	109	7	5		
	Дон					
9675	Бр. Дарсонвализация	36				
	Здоровье и быт					
1063	Аппарат для местной дарсонвализации АМД «ДОН»	2920	150	1		
1050	Гель для ручной стирки «Марго», 500 г	253	16	4		
1051	Гель для стирки в автоматической стиральной машине «Марго», 500 г	253	16	4		
1058	Доска разделочная антисептическая «АРГО+»	271	17	5		
1059	Озонатор бытовой «Гроза»	4110	200	1		
1057	Средство для мытья посуды «Марго», помпа, 250 мл	154	10	6		
1054	Электрод «Грибок» для АМД «ДОН»	250	10	1		
1055	Электрод «Десенный» для АМД «ДОН»	250	10	1		
1056	Электрод «Расческа» для АМД «ДОН»	311	12	1		
1061	Электроды индивидуальные для массажера «Стимул», 2 шт	100	4	1		
1060	Электроимпульсный массажер «Стимул»	2050	105	1		
	Наружные средства					
1038	Бальзам для губ «Поцелуй», 10 мл	100	7	9		
1031	Гель для душа «Пихтовый», 200 мл	167	11	6		
1024	Дезодорант-антиперспирант «Этна», 125 мл	153	10	7		
1006	Крем антицеллюлитный «Форма А», 100 мл	233	15	8		
1007	Крем для проблемной кожи «Бэлль», 50 мл	170	11	8		
1032	Крем для тела  восстанавливающий «Форма А», 200 мл	216	14	6		
1062	Крем от комаров и мошек «Акомарин» с помпой,  125 мл	177	11	7		
1041	Крем от комаров и мошек «Акомарин», 100 мл	148	9	7		
1009	Крем усиливающий пигментацию «Витасан», 100 мл	633	41	4		
1040	Крем-бальзам «Артро-Хвоя», 30 мл	123	8	16		
1022	Крем-бальзам «Артро-Хвоя», 50 мл	172	10	15		
1011	Крем-бальзам «Донна», 50 мл	171	11	8		
1028	Крем-бальзам «Зимний», 50 мл	162	10	15		
1026	Крем-бальзам «Таежный», 50 мл	205	13	15		
1023	Крем-бальзам «Целитель», 50 мл	189	12	15		
1015	Крем-дезодорант для ног «Степ», 50 мл	173	11	8		
1030	Лед косметич. отбеливающий «Аврора», лосьон для пригот. льда, 200 мл	138	9	6		
1016	Лосьон для размягчения огрубевшей кожи, 10 мл	126	8	9		
1018	Средство для сухой чистки рук «Автошик», 125 мл	105	7	7		
1020	Средство по уходу за ногтями «Миг», порошок, 50 г	138	9	4		
1025	Средство по уходу за полостью рта «АргоДент», 200 мл	187	12	6		
	Дэльфа					
9179	Бр. Программа «Сохрани зрение» 	30				
9187	Бук. Сохрани зрение	13				
9220	Справочник Кедровые продукты и целебные масла	50				
0519	Коврик массажный для сиденья «Таежный целитель»	745	40	2		
0522	Масло «Богатырское», 200 мл	289	16	5		
0503	Масло «Долголетие», капсулы, 100 шт	293	16	12		
0504	Масло «Здравие», капсулы, 100 шт	288	16	12		
0523	Масло «Молодильное», 200 мл	297	16	5		
0524	Масло «Целительное», 200 мл	298	16	5		
0513	Масло кедровое с боярышником, капсулы, 100 шт	322	17	12		
0506	Масло кедровое с калиной (с витамином Е), капсулы, 100 шт	339	18	12		
0505	Масло кедровое с провитамином А, капсулы, 100 шт	353	19	12		
0507	Масло кедровое, капсулы, 100 шт	315	17	12		
0512	Продукт белково-витаминный «Кедровая сила - 2», 237 г	667	35	4		
0517	Продукт белково-витаминный «Кедровая сила - Боярская», 237 г	667	35	4		
0518	Продукт белково-витаминный «Кедровая сила - Спортивная», 237 г	654	35	4		
0511	Продукт белково-витаминный «Кедровая сила», 237 г	654	35	4		
0520	Продукт белково-витаминный «Кедровые сливки с шоколадом», 237 г	745	40	4		
0521	Продукт белково-витаминный «Кедровые сливки», 237 г	745	40	4		
	Здравимпэкс					
3901	Браслет-индикатор ультрафиолетового излучения	93	4	10		
3902	Термометр жидкокристаллический (полоска)	118	6	25		
3903	Термометр жидкокристаллический для детского купания	93	4	25		
3904	Термометр жидкокристаллический для детской бутылочки, 2 шт	93	4	25		
3905	Термометр жидкокристаллический для непрерывного измерения температуры тела, 3 шт	93	4	25		
3906	Термометр жидкокристаллический комнатный	93	4	25		
	ИИБТ					
9364	Оп. Новинки от ИИБТ	1				
4301	Beta VuSan, 6х50 мл	975	50	10		
4302	Don't sleep A, 6х50 мл	789	40	10		
4303	Heliko stop, 400 г	962	50	10		
	Интеллект-К					
9223	Бр. Ваша красота от  Интеллект-К	200				
9255	Бр. Эффективный уход	38				
9218	Бук. Искусство декоративной косметики	26				
9258	Кн. Научись быть красивой	30				
9401	Оп. Новинки от «Интеллект-К»	1				
9721	Программа красоты	130				
	Декоративная косметика					
8031	База под лак	223	11	1		
8116	Бальзам для губ «Голубая лагуна»	143	7	1		
8129	Блеск для губ  	229	11	1		
8130	Блеск для губ  	229	11	1		
8131	Блеск для губ  	202	10	1		
8133	Блеск для губ  	202	10	1		
8104	Блеск для губ «Шоколадный поцелуй»	160	8	1		
8105	Блеск для губ «Шоколадный поцелуй»	160	8	1		
8106	Блеск для губ «Шоколадный поцелуй»	160	8	1		
8107	Блеск для губ «Шоколадный поцелуй»	160	8	1		
8108	Блеск для губ «Шоколадный поцелуй»	160	8	1		
8150	Выкраски для лаков	223	11	1		
8083	Карандаш для бровей	137	7	1		
8149	Карандаш для бровей патина	137	7	1		
8084	Карандаш для век	137	7	1		
8085	Карандаш для век	137	7	1		
8086	Карандаш для век	121	6	1		
8087	Карандаш для век	121	6	1		
8101	Карандаш для век с растушевкой	185	9	1		
8102	Карандаш для век с растушевкой	185	9	1		
8088	Карандаш для губ	121	6	1		
8089	Карандаш для губ	121	6	1		
8090	Карандаш для губ	121	6	1		
8091	Карандаш для губ	121	6	1		
8092	Карандаш для губ	121	6	1		
8099	Карандаш для французского маникюра	101	5	1		
8094	Карандаш-тени для век	182	9	1		
8095	Карандаш-тени для век	182	9	1		
8096	Карандаш-тени для век	182	9	1		
8097	Карандаш-тени для век	182	9	1		
8098	Карандаш-тени для век	182	9	1		
8151	Кисточки (комплект)	188	0	1		
8120	Корректор «Морские камешки»	146	7	1		
8121	Корректор «Морские камешки»	146	7	1		
8122	Корректор «Морские камешки»	146	7	1		
8153	Косметичка-саквояж	425	0	1		
0983	Крем тональный 01 бежевый, 30 мл	406	22	1		
0984	Крем тональный 01 светло-бежевый, 30 мл	406	22	1		
0985	Крем тональный 02 пастельный, 30 мл	406	22	1		
0986	Крем тональный 02 светло-пастельный, 30 мл	406	22	1		
8063	Крем-помада	307	15	1		
8065	Крем-помада	307	15	1		
8066	Крем-помада	307	15	1		
8067	Крем-помада	307	15	1		
8068	Крем-помада	307	15	1		
8069	Крем-помада	307	15	1		
8070	Крем-помада	307	15	1		
8037	Крем-пудра «Hydrodermic» тон №1	555	27	1		
8038	Крем-пудра «Hydrodermic» тон №2	555	27	1		
8004	Лак для ногтей голография, 15 мл 	246	12	1		
8006	Лак для ногтей перламутр, 15 мл 	207	10	1		
8009	Лак для ногтей перламутр, 15 мл 	207	10	1		
8011	Лак для ногтей перламутр, 15 мл 	207	10	1		
8012	Лак для ногтей перламутр, 15 мл 	207	10	1		
8013	Лак для ногтей перламутр, 15 мл 	201	10	1		
8014	Лак для ногтей перламутр, 15 мл 	207	10	1		
8015	Лак для ногтей перламутр, 15 мл 	201	10	1		
8018	Лак для ногтей перламутр, 15 мл 	207	10	1		
8019	Лак для ногтей перламутр, 15 мл 	201	10	1		
8020	Лак для ногтей перламутр, 15 мл 	201	10	1		
8021	Лак для ногтей перламутр, 15 мл 	201	10	1		
8028	Лак для ногтей перламутр, 15 мл 	201	10	1		
8029	Лак для ногтей перламутр, 15 мл 	246	12	1		
8007	Лак для ногтей перламутр, 15 мл 	230	11	1		
8003	Лак для ногтей сияющие блестки, 15 мл 	246	12	1		
8002	Лак для ногтей топ для темных лаков, 15 мл 	207	10	1		
8005	Лак для ногтей эмаль, 15 мл 	207	10	1		
8016	Лак для ногтей эмаль, 15 мл 	201	10	1		
8022	Лак для ногтей эмаль, 15 мл 	201	10	1		
8023	Лак для ногтей эмаль, 15 мл 	201	10	1		
8024	Лак для ногтей эмаль, 15 мл 	201	10	1		
8025	Лак для ногтей эмаль, 15 мл 	201	10	1		
8026	Лак для ногтей эмаль, 15 мл 	201	10	1		
8027	Лак для ногтей эмаль, 15 мл 	201	10	1		
8093	Подводка для век	223	11	1		
8117	Помада для губ «Крем-брюле»	146	7	1		
8118	Помада для губ «Крем-брюле»	146	7	1		
8119	Помада для губ «Крем-брюле»	146	7	1		
8071	Помада увлажняющая	291	14	1		
8072	Помада увлажняющая	291	14	1		
8073	Помада увлажняющая	291	14	1		
8074	Помада увлажняющая	291	14	1		
8075	Помада увлажняющая	291	14	1		
8077	Помада увлажняющая	291	14	1		
8078	Помада увлажняющая	291	14	1		
8079	Помада увлажняющая	291	14	1		
8081	Помада увлажняющая	291	14	1		
8082	Помада увлажняющая	291	14	1		
8109	Помада-блеск «Карамельный микс»	268	13	1		
8110	Помада-блеск «Карамельный микс»	268	13	1		
8111	Помада-блеск «Карамельный микс»	268	13	1		
8112	Помада-блеск «Карамельный микс»	268	13	1		
8113	Помада-блеск «Карамельный микс»	268	13	1		
8114	Помада-блеск «Карамельный микс»	268	13	1		
8115	Помада-блеск «Карамельный микс»	268	13	1		
8035	Пудра «Камея» двухцветная тон №1	531	26	1		
8036	Пудра «Камея» двухцветная тон №2	531	26	1		
8033	Пудра компактная «Extra fine»	471	23	1		
8034	Пудра компактная «Extra fine»	471	23	1		
8032	Сушка	223	11	1		
8124	Тени гелевые	203	10	1		
8125	Тени гелевые	203	10	1		
8126	Тени гелевые	203	10	1		
8127	Тени гелевые	203	10	1		
8128	Тени гелевые	203	10	1		
8048	Тени компактные «Луна» бежево-розовые перламутровые	263	13	1		
8055	Тени компактные «Луна» бежевые матовые	263	13	1		
8043	Тени компактные «Луна» белые перламутровые	263	13	1		
8058	Тени компактные «Луна» голубые перламутровые	263	13	1		
8052	Тени компактные «Луна» желтые перламутровые	263	13	1		
8062	Тени компактные «Луна» коричневые перламутровые	263	13	1		
8046	Тени компактные «Луна» розовые матовые	263	13	1		
8045	Тени компактные «Луна» светло-коричневые перламутровые	263	13	1		
8059	Тени компактные «Луна» светло-салатовые матовые	263	13	1		
8047	Тени компактные «Луна» светло-сиреневые матовые	263	13	1		
8050	Тени компактные «Луна» серо-бежевые перламутровые	263	13	1		
8049	Тени компактные «Луна» серовато-белые перламутровые	263	13	1		
8044	Тени компактные «Луна» серо-голубые перламутровые	263	13	1		
8057	Тени компактные «Луна» синие матовые	263	13	1		
8054	Тени компактные «Луна» тёмно-бежевые перламутровые	263	13	1		
8060	Тени компактные «Луна» тёмно-коричневые перламутровые	263	13	1		
8051	Тени компактные «Луна» тёмно-серые перламутровые	263	13	1		
8061	Тени компактные «Луна» тёмно-сиреневые перламутровые	263	13	1		
8053	Тени компактные «Луна» фисташковые перламутровые	263	13	1		
8056	Тени компактные «Луна» чёрные матовые	263	13	1		
8147	Тени компактные для век (5-цв.) жёлто-золотые	558	27	1		
8157	Тени компактные для век (5-цв.) зеленые	558	27	1		
8146	Тени компактные для век (5-цв.) розово-серые	558	27	1		
8156	Тени компактные для век (5-цв.) черно-белые	558	27	1		
8042	Тени-румяна «Belt» двухцветные	495	24	1		
8041	Тени-румяна «Samarcand» трехцветные	514	25	1		
8039	Тени-румяна «Senset» трехцветные	511	25	1		
8148	Точилка для карандашей	268	13	1		
8123	Тушь для ресниц «Голубая лагуна» черная	307	15	1		
8141	Тушь для ресниц коричневая  	248	12	1		
8139	Тушь для ресниц серая  	248	12	1		
8142	Тушь для ресниц синяя  	248	12	1		
8143	Тушь для ресниц фиолетовая 	248	12	1		
8144	Тушь для ресниц хаки 	248	12	1		
8140	Тушь для ресниц черная  	291	14	1		
8145	Тушь-уход для ресниц белая	248	12	1		
	Парфюмерно-косметическая продукция					
	Парфюмерная продукция					
2942	Вода туалетная «Alex», 50 мл	598	32	1		
2944	Вода туалетная «Анна-Мария», 7,5 мл	498	27	1		
2943	Вода туалетная «Валентинка», 7,5 мл	465	25	1		
0968	Вода туалетная «Лидер», 8 мл	316	17	10		
2945	Вода туалетная «Я люблю АРГО», 7,5 мл	481	26	1		
2940	Духи «Мой стиль», 30 мл	687	37	1		
0981	Духи «Мой стиль», 5 мл	316	17	10		
	Средства для детей					
0991	Дымка для тела SPF-25 «Аргоша», 100 мл	426	23	1		
0971	Крем детский с календулой «Аргоша», 50 мл	200	11	10		
0972	Масло противовоспалительное с шиповником «Аргоша», 150 мл	256	14	10		
0973	Молочко бархатистое с маслом моркови «Аргоша», 150 мл	262	14	10		
0974	Пена для ванн с pH 5,5 «Аргоша», 300 мл	258	14	7		
0975	Пенка для умывания ласковая «Аргоша», 200 мл	311	17	8		
0976	Шампунь без слез с ромашкой «Аргоша», 200 мл	200	11	10		
	Средства для мужчин					
2948	Актив-гидратант после бритья, 50 мл	310	17	1		
0963	Лосьон после бритья тонизирующий, 150 мл	223	12	6		
2949	Масло для бритья «2 в 1», 50 мл	388	21	1		
	Уход за волосами					
2960	Бальзам активный для жирных волос, 250 мл	315	17	10		
2959	Бальзам для волос интенсивное увлажнение, блеск и объем, 250 мл	314	17	10		
0951	Кондиционер-ополаскиватель, 150 мл	236	13	7		
2917	Кондиционер-ополаскиватель, тестер, 50 мл	70	4	5		
2958	Крем-шампунь для волос и тела «HYDRO COMFORT», 250 мл	353	19	10		
0953	Лосьон для укрепления и роста волос, 150 мл	279	15	6		
2957	Шампунь активный Анти-перхоть, 250 мл	335	18	10		
0954	Шампунь балансирующий «3 в 1», 250 мл	334	18	10		
2918	Шампунь балансирующий «3 в 1», тестер, 50 мл	70	4	5		
2962	Шампунь для окрашенных волос, 250 мл	339	18	10		
2956	Шампунь интенсивное увлажнение, блеск и объем «AQUA BALANCE», 250 мл	348	19	10		
2961	Шампунь мягкий для жирных волос, 250 мл	339	18	10		
2919	Шампунь профилактический (анти-перхоть), тестер, 50 мл	70	4	5		
	Уход за кожей тела					
2946	Крем + массажер для профилактики целлюлита, 100 мл	389	21	1		
0994	Крем для рук и тела, 100 мл	409	22	9		
0941	Крем-бальзам для ног бактерицидный, 100 мл	296	16	10		
0942	Масло для тела питательное шелковое, 150 мл	311	17	6		
2954	Мыло жидкое «Ванильное настроение», 300 мл	258	14	24		
2953	Мыло жидкое «Молочный шоколад», 300 мл	258	14	24		
2955	Мыло жидкое «Океанский бриз», 300 мл	385	21	24		
2951	Мыло жидкое «Цитрусовый фреш», 300 мл	385	21	24		
2952	Мыло жидкое «Ягодное суфле», 300 мл	385	21	24		
0945	Пенка для интимного ухода, 200 мл	390	21	8		
0995	Пенка для тела, 200 мл	423	23	8		
0996	Пудра жидкая для тела парфюмированная, 150 мл	577	31	6		
	Уход за комбинированной и жирной кожей лица					
2947	Гель-актив себоконтроль с экстрактом мандарина, 15 мл	316	17	1		
0993	Крем-баланс антиоксидант, 75 мл	406	22	10		
0933	Лосьон-тоник противовоспалительный, 200 мл	389	21	8		
2928	Молочко Цветочное, демакияж + очищение, 80 мл	421	23	1		
0935	Пенка для умывания с экстрактом красных листьев винограда, 200 мл	366	20	8		
	Уход за сухой и нормальной кожей лица и шеи					
8138	База под макияж ANTI-AGE корректирующая для всех типов кожи, 30 мл	424	21	1		
2927	Комплекс Фруктовый, демакияж + очищение, 80 мл	427	23	1		
2930	Крем вечерний уход, восстанавливающий 25+, 50 мл	687	37	1		
2932	Крем вечерний уход, омолаживающий 45+, 50 мл	848	45	1		
0902	Крем дневной SPF-8, 30 мл	382	21	6		
2929	Крем дневной уход, активная защита 25+, 50 мл	635	34	1		
2931	Крем дневной уход, интенсивное увлажнение 45+, 50 мл	818	45	1		
0906	Крем увлажняющий, 150 мл	500	27	6		
0907	Крем-желе для век SPF-5, 30 мл	459	25	6		
0903	Крем-лифтинг SPF-4, 30 мл	423	23	6		
0908	Крем-маска ботанический комплекс-активатор, 75 мл	392	21	10		
0992	Крем-эксфолиант с эффектом пилинга, 75 мл	278	15	10		
2936	Лифтинг-сыворотка для век, 15 мл	498	27	1		
0910	Лосьон-тоник для сухой кожи, 200 мл	336	18	8		
0909	Лосьон-тоник успокаивающий безалкогольный, 100 мл	279	15	4		
2950	Масло длительной гидратации с церамидами, 15 мл	310	17	1		
0912	Масло для век и губ длительной гидратации, 10 мл	220	12	10		
2937	Мультикрем-комплекс с эластоколлагеном, 30 мл	453	25	1		
0915	Пенка для умывания с фрутапоном грейпфрута, 200 мл	369	20	8		
2938	Сыворотка омолаживающая с протеинами шелка, 30 мл	735	40	1		
	Инферум					
9370	Описание Комплекс аппаратно-программный ROFES	1				
4001	Комплекс аппаратно-программный ROFES	10575	300	1		
	ЛучикС-Фарм					
9270	Бук. Акулье масло	5				
9326	Бук. Акулье масло-эликсир молодости	6				
3614	Крем для кожи вокруг глаз «Акулье масло» с кофеином, 50 мл	237	15	1		
3612	Крем для лица «Акулье масло» с маслом карите, 50 мл	237	15	1		
3613	Крем для лица, шеи, зоны декольте «Акулье масло» с витаминами B6, E и C, 50 мл	237	15	1		
3611	Крем для ног «Акулье масло» с листьями красного винограда, 75 мл	232	15	1		
3605	Крем для ног «Акулье масло» с экстрактом босвеллии, 75 мл	229	15	1		
3607	Крем для ног «Акулье масло» с экстрактом окопника, 75 мл	229	15	1		
3606	Крем для суставов «Акулье масло» с глюкозамином и хондроитином, 75 мл	229	15	1		
3609	Крем для тела «Акулье масло» с берёзовым дёгтем, 75 мл	232	15	1		
3610	Крем для тела «Акулье масло» с чагой и муравьиной кислотой, 75 мл	232	15	1		
3615	Маска для кожи вокруг глаз «Акулье масло» с жемчужной пудрой, 10 мл Х 3 саше	237	15	1		
3608	Маска для кожи вокруг глаз «Акулье масло» с экстрактом петрушки, 10 мл х 3 саше	229	15	1		
3616	Маска для лица «Акулье масло» с коэнзимом Q10, 10 мл Х 3 саше	237	15	1		
3602	Маска для лица «Акулье масло» с маслом авокадо, 10 мл х 3 саше	229	15	1		
3603	Маска для лица «Акулье масло» с экстрактом банана, 10 мл х 3 саше	229	15	1		
3604	Маска для лица «Акулье масло» с экстрактом винограда, 10 мл х 3 саше	229	15	1		
3617	Маска для лица, шеи, зоны декольте «Акулье масло» с пептидами, 10 мл Х 3 саше	237	15	1		
3601	Экспресс-маска для лица «Акулье масло» с эфирными маслами мяты и апельсина, 10 мл х 3 саше	229	15	1		
	Ляпко					
9340	Бр. Аппликаторы Ляпко	10				
1719	Массажер «Фараон-М» 	141	7	10		
1724	УАЛП «Волшебная лента Здоровье» (3 сегмента, шаг игл 4,3 мм, длина 135 см)	1995	95	1		
1725	УАЛП «Волшебная лента Здоровье» (7 сегментов, шаг игл 4,3 мм, длина 315 см)	4170	200	1		
1703	УАЛП «Двойной» (шаг игл 5,8 мм; размер 105 х 460 мм)	1330	65	5		
1707	УАЛП «Двойной» (шаг игл 6,2 мм; размер 105 х 460 мм)	1212	60	5		
1726	УАЛП «Коврик малый» (шаг игл 6,0 мм; размер 237 х 137 мм)	787	38	10		
1709	УАЛП «Коврик» (шаг игл 6,8 мм; размер 248 х 462 мм)	2380	110	5		
1701	УАЛП «Малыш» (шаг игл 3,5 мм; размер 38 х 85 мм)	124	6	20		
1705	УАЛП «Одинарный» (шаг игл 5,8 мм; размер 105 х 230 мм)	667	32	10		
1710	УАЛП «Одинарный» (шаг игл 6,2 мм; размер 105 х 230 мм)	600	29	10		
1718	УАЛП «Пояс Спутник» (шаг игл 4,3 мм)	1842	85	8		
1727	УАЛП «Пояс Универсальный» (шаг игл 4,3 мм; 3-сегмента)	1231	60	20		
1702	УАЛП «Ромашка» (шаг игл 5,0 мм; D = 314 мм)	2040	95	5		
1706	УАЛП «Спутник» (шаг игл 5,8 мм; размер 52 х 180 мм)	285	14	10		
1711	УАЛП «Спутник» (шаг игл 6,2 мм; размер 60 х 180 мм)	290	14	10		
1722	УАЛП «Стелька-скороход», размер 37-40, 2 шт	1223	60	5		
1721	УАЛП «Стелька-скороход», размер 40-43, 2 шт	1406	70	5		
1723	УАЛП «Стелька-скороход», размер 43-46, 2 шт	1560	75	5		
1714	УАЛЦ «Валик Большой» (шаг игл 5,0 мм; D = 61 мм; ш = 111 мм)	956	46	17		
1712	УАЛЦ «Валик Лицевой» (шаг игл 3,5 мм; D = 51 мм; ш = 40 мм)	563	27	55		
1713	УАЛЦ «Валик Универсальный» (шаг игл 3,5 мм; D = 51 мм; ш = 72 мм)	850	41	30		
	Марианна					
9150	Бр. Путеводитель по рициниолам	10				
9153	Бук. Рициниол - аптечка в одном флаконе	7				
9693	Бук. Рициниол для детей	7				
9403	Оп. ЛИЗОкосметика	1				
9832	Рициниолы. Самоучитель	25				
1158	Крем «ProBIO 14+», 35 мл	272	16	4		
1159	Крем «ProBIO 30+», 35 мл	272	16	4		
1160	Крем «ProBIO 45+», 35 мл	279	16	4		
1113	Эмульсия «Рициниол Базовый», 15 мл	135	8	6		
1104	Эмульсия «Рициниол Базовый», 30 мл	231	14	8		
1153	Эмульсия «Рициниол Базовый», 35 мл	250	16	4		
1144	Эмульсия «Рициниол Базовый», 60 мл	348	21	3		
1157	Эмульсия «Рициниол Витаминный», 20 мл	220	14	4		
1115	Эмульсия «Рициниол Интим», 15 мл	164	10	6		
1140	Эмульсия «Рициниол Камертон», 10 мл	112	7	6		
1107	Эмульсия «Рициниол Кутикула», 10 мл	110	7	4		
1139	Эмульсия «Рициниол Лавандовый», 10 мл	106	7	4		
1141	Эмульсия «Рициниол Молодость», 10 мл	106	7	4		
1156	Эмульсия «Рициниол Ногти», 10 мл	111	7	4		
1150	Эмульсия «Рициниол Очищающий», 35 мл	186	11	4		
1155	Эмульсия «Рициниол Пшеничный», 20 мл	220	14	4		
1118	Эмульсия «Рициниол Укропный», 15 мл	135	8	6		
1112	Эмульсия «Рициниол Шалфейный», 15 мл	139	8	6		
1102	Эмульсия «Рициниол Шалфейный», 30 мл	263	16	8		
1154	Эмульсия «Рициниол Шалфейный», 35 мл	295	19	4		
1145	Эмульсия «Рициниол Шалфейный», 60 мл	421	25	3		
1143	Эмульсия «Рициниол Ясный взор», 10 мл	112	7	4		
1146	Эмульсия «Рициниол-К+ Рициниол-Н», двойной флакон, 4+8 мл	169	11	4		
1152	Эмульсия гигиеническая «Малышок», 15 мл	135	8	6		
	НИИ ЛОП и НТ					
9160	Бр. Применение продукции НИИ ЛОПиНТ	15				
9116	Бук. Здоровое пит. наших предков - залог долголетия! (вып.2)	7				
9189	Кн. Нутрикон	70				
0228	Батончик «Успех-2 Five o'clock», 45 г	37	1	12		
0210	Коктейль «Грация», 380 г	754	35	12		
0211	Коктейль «Энергия», 380 г	754	35	12		
0246	Коктейль ПРЕМИУМ «Овощной», 380 г	838	40	12		
0247	Коктейль ПРЕМИУМ «Шоколадный», 380 г	838	40	12		
0248	Коктейль ПРЕМИУМ «Яблочный», 380 г	838	40	12		
0213	Напиток чайный «Оздоровительный», пакетики с сухой смесью, 60 г	127	5	30		
0214	Напиток чайный «Тонизирующий», пакетики с сухой смесью, 60 г	127	5	30		
0215	Напиток чайный «Успокоительный», пакетики с сухой смесью, 60 г	127	5	30		
0204	Нутрикон Плюс, гранулы, 350 г	364	19	8		
0242	Нутрикон Плюс, хрустящие гранулы, 350 г	364	19	8		
0205	Нутрикон Селен, гранулы, 350 г	364	19	8		
0243	Нутрикон Селен, хрустящие гранулы, 350 г	364	19	8		
0206	Нутрикон Фито, гранулы, 350 г	364	19	8		
0244	Нутрикон Фито, хрустящие гранулы, 350 г	364	19	8		
0207	Нутрикон Хром, гранулы, 350 г	364	19	8		
0240	Нутрикон Хром, хрустящие гранулы, 350 г	364	19	8		
0208	Нутрикон Янтарь, гранулы, 350 г	341	19	8		
0239	Нутрикон Янтарь, мелкогранулированный, 350 г	341	19	8		
0245	Нутрикон Янтарь, хрустящие гранулы, 350 г	341	19	8		
0201	Нутрикон, гранулы, 350 г	341	19	8		
0236	Нутрикон, хрустящие гранулы, 350 г	341	19	8		
0249	Пектолакт бифидо, пакетики с сухой смесью, 50 г	296	16	30		
0233	Сироп «Сбитень №10 Ликерный», 250 г/180 мл	349	17	4		
0221	Сироп «Сбитень №12 Изумрудный», 250 г/180 мл	306	15	4		
0227	Сироп «Сбитень №21 Винный», 250 г/180 мл	306	15	4		
0222	Сироп «Сбитень №24 Молочный», 250 г/180 мл	306	15	4		
0219	Сироп «Сбитень №3 Пурпурный», 250 г/180 мл	306	15	4		
0220	Сироп «Сбитень №7 Багряный», 250 г/180 мл	306	15	4		
0251	СПА-масло косметическое «l'amour sucre», 125 мл	591	25	4		
0252	СПА-скраб «l'amour sucre», 300 мл	591	25	3		
	Новь					
9101	Бр. Литовит	75				
9889	Бр. Литовиты. Ответы, вопросы, пожелания	46				
9359	Бук. Детоксикация 	20				
9231	Бук. Оптисорб	13				
	Здоровое питание					
0121	Десерт-кисель «Клюквенный», 200 г	152	9	9		
0117	Десерт-кисель «Молочно-фруктовый», 200 г	145	9	9		
0127	Десерт-кисель «Свекольно-вишневый», 200 г	145	9	9		
0118	Десерт-кисель «Смородиновый», 200 г	169	10	9		
0120	Десерт-кисель «Яблочный», 200 г	145	9	9		
0133	Концентрат безалкогольного напитка «Витаминное ассорти», 100 мл	162	10	8		
0134	Концентрат безалкогольного напитка «Сабельник», 100 мл	162	10	8		
0110	Литовит, гранулы, 150 г	118	7	10		
0111	Литовит, порошок, 150 г	118	7	10		
0112	Литовит, таблетки, 140 г	228	14	20		
0101	Литовит-Б, таблетки, 140 г	312	19	20		
0102	Литовит-К , таблетки, 140 г	312	19	20		
0126	Литовит-М, гранулы, 100 г (в пакетиках)	228	14	10		
0103	Литовит-М, порошок, 150 г	328	20	20		
0104	Литовит-М, порошок, 30 г	74	4	20		
0113	Литовит-напиток растворимый «Брусника», порошок, 100 г	118	7	10		
0114	Литовит-напиток растворимый «Горький коктейль», порошок, 100 г	111	7	10		
0105	Литовит-О, таблетки, 140 г	278	17	20		
0106	Литовит-С, гранулы, 100 г	689	42	5		
0107	Литовит-У, таблетки, 140 г	512	31	20		
0108	Литовит-Ф, таблетки, 140 г	245	15	10		
0109	Литовит-Ч, таблетки, 140 г	345	21	20		
0130	Литоспорт набор, таблетки, 2*50 г	412	25	5		
0125	Оптисорб лимонный, гранулы, 100 г (в пакетиках)	225	14	5		
0123	Оптисорб, гранулы, 100 г (в пакетиках)	221	14	5		
	Здоровье и быт					
0191	Дезодорант-осушитель, 300 г	156	10	40		
0192	Диск эбонитовый, 120 г	1336	80	5		
0194	Концентрат минеральный кормовой «Цеолит природный», 1000 г	156	9	12		
0197	Сорбент-очиститель универсальный для холодильников	168	10	10		
0198	Сорбент-очиститель универсальный для чайников	489	30	10		
0199	Устройство стирающее ультразвуковое  «Факт»	1688	105	1		
	Наружные средства					
0185	Ассорти «Маски», 90 г (6 пакетиков по 15 г в наборе)	145	8	10		
0186	Ассорти «Скрабы», 105 г (7 пакетиков по 15 г в наборе)	168	9	10		
0142	Гель-скраб «Кия» с экстрактом алоэ, 200 г	295	18	5		
0144	Гель-скраб «Кия» с экстрактом ромашки, 200 г	295	18	5		
0146	Гель-скраб «Кия» с экстрактом череды, 200 г	295	18	5		
0182	Крем-маска «Княжна», 130 г	185	11	9		
0140	Маска альгинатная омолаживающая «Красный клевер», 48 г	415	25	8		
0138	Маска альгинатная противовоспалительная «Мумие», 48 г	415	25	8		
0139	Маска альгинатная увлажняющая «Морские водоросли», 48 г	415	25	8		
0145	Маска для жирных волос «Мятный пудинг», 15 г	25	1	5		
0148	Маска для жирных волос «Мятный пудинг», 200 г	293	18	5		
0143	Маска для сухих и нормальных волос «Шоколадный пудинг», 15 г	25	1	5		
0141	Маска для сухих и нормальных волос «Шоколадный пудинг», 200 г	293	18	5		
0149	Маска косметическая «Клеопатра», 200 г	234	14	5		
0151	Маска косметическая «Минеральная», 200 г	234	14	5		
0188	Маска косметическая «Царица», 150 г (10 пакетиков по 15 г)	93	5	10		
0150	Маска против выпадения волос «Медовый пудинг», 15 г	25	1	5		
0147	Маска против выпадения волос «Медовый пудинг», 200 г	293	18	5		
0179	Маска-лифтинг «Чаровница», 160 г	93	5	9		
0154	Масло косметическое «Кия», 30 мл	301	18	10		
0159	Пудра-сорбент «Кия», 20 г	168	10	20		
0175	Скраб «Кия» «Ванильная карамель», 200 г	295	18	5		
0176	Скраб «Кия» «Лимон», 200 г	295	18	5		
0184	Скраб «Нежный» «Пудровая нежность», 130 г	185	11	9		
0183	Скраб «Нежный», 130 г	185	11	9		
	Нутрикеа					
9182	Бук. Здоровье в любом возрасте	5				
9277	Бук. Иммунитет. Стратегия защиты: профилактика начинает и выигрывает!	5				
9181	Бук. Программа для снижения веса	5				
9136	Бук. Простые правила женского здоровья	5				
9135	Бук. Секреты мужского здоровья и долголетия	5				
9288	Сборник доктора Белкина	12				
0442	L-Аргинин TSN, капсулы, 60 шт	800	40	12		
0421	Nutricare Пау Д'Арко, капсулы, 60 шт	693	35	12		
0401	Акулий хрящ, капсулы, 60 шт	889	45	12		
0435	Антиоксидант, капсулы, 60 шт	693	35	12		
0405	Ацидофилус Экстра, капсулы, 60 шт	763	40	12		
0406	ВАГ, капсулы, 60 шт	693	35	12		
0408	Гинкго Билоба Плас, таблетки, 60 шт	693	35	12		
0409	Глюкозамин-Плас, таблетки, 60 шт	895	45	12		
0443	Гортензия TSN, капсулы, 60 шт	693	35	12		
0410	Готу Кола, капсулы, 60 шт	680	35	12		
0411	Донг Куэй, таблетки, 60 шт	680	35	12		
0437	Йохимбе, таблетки, 60 шт	680	35	12		
0413	Каль-Ди-Маг, таблетки, 60 шт	788	40	12		
0444	Кофермент Q10 TSN, капсулы 60 шт	668	35	12		
0438	Коэнзим Q10 Нутрикеа, таблетки, 60 шт	693	35	12		
0427	Красный клевер ТSN, капсулы, 60 шт	604	30	12		
0416	Ливер-Плас, капсулы, 60 шт	680	35	12		
0445	Люцерна TSN, капсулы, 60 шт	604	30	12		
0417	Малти-Комплекс, таблетки, 60 шт	680	35	12		
0446	Молозиво TSN, капсулы, 60 шт	693	35	12		
0439	Омега Ойл, капсулы, 60 шт	800	40	12		
0419	Остео Каль с Глюкозамином, капсулы, 60 шт	800	40	12		
0420	Пара-Уолнат-Плас, капсулы, 60 шт	782	40	12		
0425	Проста-Вита, капсулы, 60 шт	668	35	12		
0426	Пэшн Флауэр, таблетки, 60 шт	680	35	12		
0441	Спирулина TSN, капсулы, 60 шт	705	35	12		
0429	Супер Колон Клинз, капсулы, 60 шт	604	30	12		
0430	Суперлакс, капсулы, 60 шт	573	30	12		
0431	Тиро-Вита, капсулы, 60 шт	604	30	12		
0432	Уна Дэ Гато, таблетки, 60 шт	782	40	12		
0447	Фукоксан, капсулы, 60 шт	693	35	12		
0433	Эхинацея Нутрикеа, капсулы, 60 шт	693	35	12		
	Пенталис					
9761	Бр. Путь к Аромапланете	20				
9443	Оп. Серия «Предгорье Кавказа»	1				
1316	Аромамедальон	96	6	10		
1322	Аромаплитка массажная «Сладкие грезы», 70 г	210	13	10		
1317	Бальзам антицеллюлитный «Золотая лань», капсулы по 4,5 г, 5 шт	127	8	10		
1302	Бальзам для век «Драгоценная роса», капсулы, 12 шт	127	8	10		
1318	Бальзам для волос «Шелковая нить», капсулы по 4,5 г, 5 шт	127	8	10		
1304	Бальзам для лица и шеи «Ласковый ветер», капсулы, 12 шт	127	8	10		
1305	Бальзам для ногтей «Миндальный мотив», капсулы, 15 шт	127	8	10		
1339	Жемчужины для ванн «Антистресс», капсулы, 8 шт	162	10	4		
1340	Жемчужины для ванн «Наедине», капсулы, 8 шт	162	10	4		
1341	Жемчужины для ванн «Тонус», капсулы, 8 шт	162	10	4		
1342	Жемчужины для ванн «Целебные», капсулы, 8 шт	162	10	4		
1343	Крем для кожи лица и тела «Сияние молодости» серии «Предгорье Кавказа», 200 г	341	20	1		
1344	Лосьон-тоник серии «Предгорье Кавказа», 100 мл	243	14	3		
1324	Масло эфирное «Апельсин», 5 мл	78	5	10		
1325	Масло эфирное «Иланг-Иланг», 5 мл	193	12	10		
1310	Масло эфирное «Лаванда», 5 мл	186	12	10		
1311	Масло эфирное «Лимон», 5 мл	83	5	10		
1312	Масло эфирное «Пачули», 5 мл	153	10	10		
1313	Масло эфирное «Чайное дерево», 5 мл 	126	8	10		
1314	Масло эфирное «Эвкалипт», 5 мл	81	5	10		
1337	Мыло натур. «Органик Лайв» с маслом ши и перуанским бальзамом, 80 г	160	10	4		
1319	Плитка душистая «Бархатный сезон», 90 г	205	13	10		
	Прицеро-П					
9331	Бр. Шунгит - российский минерал здоровья	15				
1914	Коврик массажный шунгитовый	671	40	10		
1920	Крем шунгитовый омолаживающий, 100 г	318	20	3		
1921	Крем шунгитовый против усталости и отечности ног, 100 г	318	20	5		
1919	Крем шунгитовый согревающий, 100 г	318	20	3		
1902	Накладка антиэлектромагнитная «Магралит-Т»	347	20	10		
1910	Накладка спинная шунгитовая	512	30	7		
1911	Наколенник шунгитовый	356	20	14		
1916	Оберег шунгитовый (малый)	133	8	25		
1917	Пирамидка шунгитовая	329	20	10		
1912	Пояс шунгитовый	260	15	20		
1905	Соль океаническая «Пихта», 700 г	135	8	14		
1913	Шунгит для минерализации воды	133	8	20		
	Ретон					
4501	УСУ «Ретона»  	2560	130	1		
4502	УСУ «Ретона» модифицированная с двумя излучателями	3930	200	1		
	Руслана-ЕС					
9719	Плакат Реагент 3000	18				
2225	ЗВК «Реагент 3000» «Драйв», 2х50 мл	575	30	5		
2215	ЗВК «Реагент 3000» «Драйв-плюс», 3х50 мл	835	42	5		
2224	ЗВК «Реагент 3000» «Промывка масляной системы», 50 мл	272	15	5		
2223	ЗВК «Реагент 3000» «Промывка системы охлаждения», 50 мл	415	21	5		
2222	ЗВК «Реагент 3000» «Промывка топливной системы», 50 мл	334	18	5		
2212	ЗВК «Реагент 3000» «Супердрайв», 2х75 мл, 1х50 мл	1249	63	5		
2213	ЗВК «Реагент 3000» для АКПП, 2х50 мл	680	36	5		
2219	ЗВК «Реагент 3000» для двухтактного двигателя, 5 мл	63	3	10		
2220	ЗВК «Реагент 3000» для топливной системы на 1000 л топлива, 2х50 мл	1207	62	5		
2216	ЗВК «Реагент 3000» для топливной системы на 150 л топлива, 3 шприца	294	16	5		
2217	ЗВК «Реагент 3000» для топливной системы на 500 л топлива, 10 шприцев	891	47	3		
2218	ЗВК «Реагент 3000» для трансмиссии, 50 мл	334	18	5		
	Сибирь-Цео					
9864	Бр. Продукция Сибирь-Цео	18				
9225	Бук. 3-ступенчатый фильтр под мойку «Водолей-БКП»	5				
9224	Бук. Фильтр-кувшин «Водолей»	5				
9344	Микрокаталог продукции ООО «Сибирь-Цео» 	4				
9342	Пособие «Бытовые фильтры»	80				
1626	Картридж для фильтра «Водолей» ПРЕМИУМ угольно-цеолитовый	607	30	3		
1628	Картридж для фильтра «Водолей» ПРЕМИУМ умягчающий	678	33	3		
1627	Картридж для фильтра «Водолей» ПРЕМИУМ шунгитовый	644	32	3		
1631	Картридж для фильтра под мойку «Водолей-БКП» обезжелезивающий	807	40	1		
1618	Картридж для фильтра под мойку «Водолей-БКП» полипропиленовый	229	9	1		
1619	Картридж для фильтра под мойку «Водолей-БКП» угольный	470	21	1		
1620	Картридж для фильтра под мойку «Водолей-БКП» умягчающий	579	25	1		
1621	Картридж для фильтра под мойку «Водолей-БКП» цеолитовый	472	21	1		
1622	Картридж для фильтра под мойку «Водолей-БКП» шунгитовый	597	28	1		
1612	Картридж для фильтра-кувшина «Водолей» угольно-цеолитовый	253	12	3		
1614	Картридж для фильтра-кувшина «Водолей» умягчающий	294	13	3		
1613	Картридж для фильтра-кувшина «Водолей» шунгитовый	270	12	3		
1607	Картридж для фильтров «АРГО-К» и «АРГО-МК» угольно-цеолитовый	555	25	3		
1616	Картридж для фильтров «АРГО-К» и «АРГО-МК» умягчающий	613	27	3		
1615	Картридж для фильтров «АРГО-К» и «АРГО-МК» шунгитовый	570	25	3		
1606	Комплект дополнительный фильтрующий (ДФК) «АРГО+»	400	20	1		
1608	Комплект запасной для фильтров «АРГО», «АРГО-М»	315	15	8		
1624	Комплект картриджей для фильтра высокопроизводит. «Водолей-БКП»	5370	125	1		
1630	Кувшин для воды «Водолей»	380	10	1		
1629	Минерализатор воды природный «Кремень», 60 г	118	7	1		
1601	Фильтр «АРГО»	980	50	6		
1602	Фильтр «АРГО-К»	1015	50	6		
1604	Фильтр «АРГО-МК»	1082	55	6		
1625	Фильтр «Водолей» ПРЕМИУМ	1415	60	8		
1623	Фильтр высокопроизводительный «Водолей-БКП»	20100	500	1		
1617	Фильтр под мойку «Водолей-БКП»	5660	170	1		
1611	Фильтр-кувшин «Водолей»	838	37	6		
1605	Фильтр-насадка «АРГО-Душ»	850	44	1		
1609	Элемент фильтрующий для ДФК «АРГО+»	236	11	1		
1610	Элемент фильтрующий для фильтра-насадки «АРГО-Душ»	500	23	1		
	Столярова Т.Н.					
9543	Оп. Защитные биофильтры от электромагнитных излучений «Агеон»	1				
4402	Биофильтр защитный от электромагнитных излучений «Агеон» «БИОкомпьютер»	1017	55	25		
4401	Биофильтр защитный от электромагнитных излучений «Агеон» «БИОсмартфон»	556	30	25		
4403	Биофильтр защитный от электромагнитных излучений «Агеон» для автомобиля «Комфорт и безопастность»	2300	130	25		
4404	Биофильтр защитный от электромагнитных излучений «Агеон» для двуспального места «Исцеляющий сон»	2800	150	25		
4405	Биофильтр защитный от электромагнитных излучений «Агеон» для односпального места «Исцеляющий сон»	1800	100	25		
	ФитоЛайн					
9405	Бр. Лесмин	6				
9406	Бр. Фитолон-Кламин	6				
	Здоровое питание					
2321	Альгинат кальция, капсулы, 80 шт	528	30	5		
2305	Лесмин, таблетки, 80 шт	528	30	5		
2327	Провитам, таблетки, 80 шт	528	30	5		
2307	Сироп с хлорофиллом «Фитолон», 100 мл	353	20	3		
2304	Фитолон-Кламин, таблетки, 80 шт	528	30	5		
	Здоровье и быт					
2324	Средство дезинфицирующее «БИОПАГ-Д», 1 л	1322	80	1		
	Наружные средства					
2325	Гель для гидратации кожи, 100 мл	320	18	5		
2312	Крем антицеллюл. моделирующий с экстр. царского дерева и периллы, 150 мл	400	20	4		
2308	Крем-депилятор «Альфион», 100 мл	243	14	3		
2326	Маска для тонкой и чувствительной кожи, 100 мл	400	20	5		
2318	Мыло туалетное глицериновое «Фитолон», 70 г	287	16	3		
2322	Освежитель полости рта с экстрактом семян периллы, 50 мл	166	9	5		
2301	Паста зубная «Аргодент Море», 75 мл	144	8	18		
2323	Паста зубная «Аргодент с экстрактом периллы», 75 мл	150	8	18		
2302	Паста зубная «Аргодент Хвоя», 75 мл	144	8	18		
2303	Паста зубная «Бебидент вкусняшка», 75 мл	144	8	18		
2311	Пилинг-гель для тела с люффой, экстр. царск. дер. и маслом «Каротино», 150 мл	332	18	4		
2310	Спрей с экстрактом царского дерева для укладки волос, 150 мл	265	15	4		
2317	Сыворотка с экстр. царского дерева для укреп. и восстан. волос, 100 мл	332	18	5		
	Фруктовый бар					
9380	Описание Батончики фруктовые	1				
4101	Батончик фруктовый  «Тропик» с ананасом, 40 г	36	1	20		
4102	Батончик фруктовый «Цитрус» с апельсином, 40 г	36	1	20		
4103	Батончик фруктовый «Ягодка» с черникой, 40 г	36	1	20		
	ЭД Медицин					
9063	Большой справочник ЭД Медицин, 10-е издание	156				
9319	Бр. BIA-гели	36				
9320	Бр. Концептуальная косметика ЭД Медицин	36				
9163	Бр. Рекомендации ЭД Медицин	43				
9544	Оп. Крем осветляющий для лица	1				
9131	Полный мини-справочник ЭД Медицин	36				
	Здоровое питание					
0815	АнгиОмега Комплекс, коллоидная фитоформула, 237 мл	1630	80	6		
0801	Анти-Оксидант, коллоидная фитоформула, 237 мл	1630	80	6		
0807	Артро Комплекс, коллоидная фитоформула, 237 мл	1630	80	6		
0818	БиоКлинзинг, коллоидная фитоформула, 237 мл	1630	80	6		
0808	Брейн Бустер, коллоидная фитоформула, 237 мл	1630	80	6		
0810	Бьюти Нэчурал, коллоидная фитоформула, 237 мл	1630	80	6		
0813	Визио Комплекс, коллоидная фитоформула, 237 мл	1630	80	6		
0819	Гастеро Комплекс, коллоидная фитоформула, 237 мл	1630	80	6		
0811	Детокс, коллоидная фитоформула, 237 мл	1630	80	6		
0802	Имьюн Саппорт, коллоидная фитоформула, 237 мл	1630	80	6		
0803	Кардио Саппорт, коллоидная фитоформула, 237 мл	1630	80	6		
0820	Лайф Малти-Фактор, коллоидная фитоформула, 237 мл	1630	80	6		
0804	Мейл Эктив Комплекс, коллоидная фитоформула, 237 мл	1630	80	6		
0812	Ментал Комфорт, коллоидная фитоформула, 237 мл	1630	80	6		
0821	Нефрин Комплекс, коллоидная фитоформула, 237 мл	1630	80	6		
0809	Остео Комплекс, коллоидная фитоформула, 237 мл	1630	80	6		
0822	Реотон Комплекс, коллоидная фитоформула, 237 мл	1630	80	6		
0817	Слип Контрол, коллоидная фитоформула, 237 мл	1630	80	6		
0816	Тирео Саппорт, коллоидная фитоформула, 237 мл	1630	80	6		
0805	Фимейл Эктив Комплекс, коллоидная фитоформула, 237 мл	1630	80	6		
0814	Фо Кидз , коллоидная фитоформула, 237 мл	1630	80	6		
0806	Шугар Бэланс, коллоидная фитоформула, 237 мл	1630	80	6		
	Наружные средства					
0850	Крем для кожи вокруг глаз интенсивный, 30 мл	1561	80	6		
0860	Крем для лица ночной питательный, 30 мл 	1086	45	6		
0861	Крем для лица омолаживающий, 15 мл 	1204	50	6		
0858	Крем для лица очищающий, 120 мл 	1124	55	12		
0853	Крем дневной от морщин, 50 мл	1437	75	6		
0863	Крем осветляющий для лица, 30 мл	1561	80	6		
0854	Крем-гель для женщин «Female Body Balance BIA-Gel», 56 мл	1630	80	6		
0855	Крем-гель ночной восстанавливающий «Night Active Renovation BIA-Gel», 56 мл	1630	80	6		
0856	Крем-гель омолаживющий «Active Longevity BIA-Gel», 56 мл	1630	80	6		
0862	Лифтинг-комплекс интенсивный, 15 мл 	1184	50	6		
0859	Тоник для лица освежающий, 120 мл 	881	45	12		
	ЭЛМЕТ-СПб					
9262	Бр.Полимедел - обыкновенное чудо	12				
3201	Плёнка «Полимедэл»	304	20	10		
	ЮГ					
9276	Бр. Нет предела совершенству	76				
9356	Описание Бальзамы серии  «Сибирячок»	2				
9457	Справочник ЮГ	43				
0601	Бальзам «Альпийский аромат», 100 мл	187	11	6		
0602	Бальзам «Витаминный +», 100 мл	187	11	6		
0603	Бальзам «Казанова», 100 мл	174	10	6		
0626	Бальзам «Сибирячок» с семенами тыквы и листьями березы, 100 мл	170	10	6		
0627	Бальзам «Сибирячок» с фенхелем и укропом, 100 мл	172	10	6		
0604	Бальзам «Сибирячок», 100 мл	173	10	6		
0620	Гельмипаль, капсулы, 30 шт	205	11	6		
0618	Гепаль, капсулы, 30 шт	202	11	6		
0605	Драже «Арго-пан», 60 г	187	11	6		
0606	Драже «Кальцепан», 100 г	308	18	6		
0611	Драже «Пантошка», 80 г	193	11	6		
0607	Драже «Пантошка-A», 80 г	199	11	6		
0608	Драже «Пантошка-Ca», 80 г	205	11	6		
0609	Драже «Пантошка-Fe», 80 г	199	11	6		
0610	Драже «Пантошка-Йод», 80 г	199	11	6		
0621	Драже обогащенное «Ледипан», 60 г	200	11	6		
0622	Драже обогащенное профилактическое «Лонопан», 115 г	395	23	6		
0623	Драже с калиной «Помогуша», 80 г	164	10	6		
0624	Драже с облепихой «Помогуша», 80 г	164	10	6		
0625	Драже с прополисом «Помогуша», 80 г	167	10	6		
0612	Конфеты обогащенные пробиотические «Бифидопан», 70 г	235	13	6		
0613	Конфеты обогащенные пробиотические «Лактопан», 70 г	232	13	6		
0615	Конфеты обогащенные пробиотические «Пробиопан», 60 г	238	13	6		
0616	Ферропан, капсулы, 20 шт	168	10	6		
0619	Холепаль, капсулы, 30 шт	352	20	6		
0617	Эргопан, капсулы, 30 шт	195	11	6		
	Компания Арго					
9377	Аргостучалки трибунные	100				
9075	Аргошашки (деревянные 40х40)	2273				
9074	Аргошашки (пластмассовые 20х20)	182				
9324	Бейсболка АРГО	200				
9010	Бланк отчета	1				
9056	Бр. Аргошашки	8				
9067	Бр. Программа Transfer	13				
9070	Бр. Программа Transfer-2 (краткая инструкция)	9				
9308	Бр. Умное потребление	7				
9310	Бр. Умный бизнес	7				
9861	Бук. «За сбережение народа»	16				
9261	Бук. Компания АРГО (39)	10				
9105	Бук. О награде «За сбережение народа»	85				
9311	Вестник АРГО (13) №1	45				
9325	Вестник АРГО (13) №2 	45				
9334	Вестник АРГО (13) №3	75				
9345	Вестник АРГО (13) №4	83				
9352	Вестник АРГО (14) №1	75				
9366	Вестник АРГО (14) №2	75				
9374	Вестник АРГО (14) №3	100				
9021	Видеопрезентация «За сбережение народа»	50				
9269	Визитка-открытка АРГО	1				
9346	Газета «За сбережение народа» 2013 №2	35				
9676	Газета «За сбережение народа» 2014	90				
9208	Газета дачникам	15				
9252	Газета Худейте с удовольствием! 	22				
9242	Джутовая сумка АРГО	155				
9351	Ежедневник АРГО	300				
9054	Значок Руководитель АРГО	150				
9001	Информационный пакет АРГО (39)	150				
9375	Каталог АРГО для  молодежи	35				
9313	Каталог АРГО для мужчин	25				
9058	Кн. А.И. Пальцев Вопросы питания (2 изд.)	240				
9114	Кн. А.И. Пальцев О семье, времени и памяти россов	956				
9700	Кн. А.И. Пальцев Образ жизни	364				
9046	Книжка заказов	7				
9083	Комплект визиток АРГО	18				
9246	Кружка АРГО 	98				
9862	Наклейка «Территория здорового образа жизни»	5				
9894	Пакет «За сбережение народа»	5				
9611	Пакет АРГО (б)	6				
9241	Пакет АРГО бежевый	4				
9773	Пакет АРГО фирм. (маечка)	1				
9348	Папка «За сбережение народа»	30				
9771	Плакат «Здоровье и успех для всех!»	1200				
9803	Плакат Бережем суставы	5				
9804	Плакат Боремся с простудой	5				
9805	Плакат Жизнь без паразитов	5				
9806	Плакат Мужское и женское здоровье	5				
9807	Плакат Помощники сердца	5				
9260	План вознаграждений АРГО (39)	10				
9090	Прайс-лист для участников Компании АРГО	10				
9091	Прайс-лист Компании АРГО	10				
9095	Прайс-лист на приспособления и запасные части для фильтров	1				
9321	Промо-стол АРГО 	2000				
9856	Ручка «За сбережение народа» 	15				
9777	Ручка АРГО 	15				
9390	Сертификат	6				
9774	Скотч АРГО	50				
9760	Справочник продукции АРГО (38)	77				
9350	Сумка подарочная «За сбережение народа»	82				
9024	Сумка подарочная АРГО	45				
9365	Фартук «За сбережение народа»	200				
9853	Флаг «За сбережение народа» (900х1350)	600				
9770	Флажок АРГО (220х150)	30				
9072	Флажок АРГО, для гирлянд	3				
9857	Флеш-карта «За сбережение народа» 	500				
9243	Фликер "Я иду!"	17				
9823	Футболка «За сбережение народа»	150				
9244	Футболки АРГО белые	200				
9328	Шарик «За сбережение народа»	6				
9845	Шарфик АРГО	100				
9335	Шеврон АРГО (б)	100				
9336	Шеврон АРГО (м)	100				
	Прекращены поставки (продажа остатков)					
	Алтом-Консульт					
2701	Губка Локс-эко	16	1	20		
2708	Емкость с распылителем	52	2	20		
2703	Слокс-эко для растений, 110 мл	73	4	7		
	Биакс					
1405	Бальзам «Хвойный дар» мятный, 10 мл	141	9	10		
1406	Бальзам «Хвойный дар» орехово-зверобойный, 10 мл	141	9	10		
	Биолит					
0364	Маска восстанавливающая и питательная, 75 мл	162	10	14		
0365	Маска для быстрого восстановления кожи, 75 мл	162	10	14		
0379	Маска на основе молочной сыворотки, 150 мл	288	19	4		
0366	Маска очищающая и увлажняющая, 75 мл	162	10	14		
0333	Напиток чайный травяной «Ахиллан», 100 г	149	10	1		
0369	Напиток чайный травяной «Витамикс», 100 г	149	10	1		
0356	Напиток чайный травяной «Простадонт», 100 г	149	10	1		
	ВекторПро					
1213	Гель «ЛактоХит», 50 мл	430	27	6		
	Интеллект-К					
	Декоративная косметика					
8132	Блеск для губ  	202	10	1		
8103	Крем сыворотка для ресниц «Голубая лагуна»	179	9	1		
8064	Крем-помада	307	15	1		
8008	Лак для ногтей перламутр, 15 мл 	201	10	1		
8010	Лак для ногтей перламутр, 15 мл 	201	10	1		
8030	Лак для ногтей перламутр, 15 мл 	201	10	1		
8001	Лак для ногтей перламутр, 15 мл 	195	10	1		
8017	Лак для ногтей эмаль, 15 мл 	201	10	1		
8076	Помада увлажняющая	291	14	1		
8080	Помада увлажняющая	291	14	1		
8155	Спонжи для пудры (комплект)	223	11	1		
	Парфюмерно-косметическая продукция					
	Уход за сухой и нормальной кожей лица и шеи					
0905	Крем увлажняющий биоактивный, 30 мл	537	29	3		
2904	Крем увлажняющий, тестер, 5 мл  	24	0	5		
2907	Крем-маска ботанический комплекс-активатор, тестер, 5 мл	24	0	5		
0911	Маска-пилинг, 75 мл	278	15	10		
2908	Маска-пилинг, тестер, 5 мл	24	0	5		
0913	Масло для лица и шеи длительной гидратации, 30 мл	188	11	9		
0914	Мультикрем-комплекс, 30 мл	393	23	6		
2909	Мультикрем-комплекс, тестер, 5 мл	24	0	5		
	Уход за комбинированной и жирной кожей лица					
2911	Гель-актив себоконтроль SPF-5, тестер, 5 мл	24	0	5		
0931	Гель-актив себоконтроль, 30 мл	203	12	9		
0932	Крем-антиоксидант, 50 мл	204	12	10		
2912	Крем-антиоксидант, тестер, 5 мл	24	0	5		
	Уход за кожей тела					
2914	Крем-бальзам для ног бактерицидный, тестер, 5 мл	24	0	5		
2915	Пудра жидкая для тела парфюмированная, тестер, 5 мл	24	0	5		
0948	Фитокрем для рук и ногтей, 75 мл	219	13	10		
2916	Фитокрем для рук и ногтей, тестер, 5 мл	24	0	5		
	Уход за волосами					
0955	Шампунь профилактический, 200 мл	254	15	10		
	Средства для мужчин					
2920	Актив-гидратант после бритья, тестер, 5 мл	24	0	5		
0965	Масло для бритья «2 в 1», 30 мл	221	13	6		
	Средства для детей					
2921	Крем детский с календулой «Аргоша», тестер, 5 мл	24	0	5		
2922	Молочко бархатистое с маслом моркови «Аргоша», тестер, 5 мл	24	0	5		
	Специальные косметические средства					
2923	Крем тональный 01 бежевый, тестер, 5 мл	24	0	5		
2924	Крем тональный 01 светло-бежевый, тестер, 5 мл	24	0	5		
2925	Крем тональный 02 пастельный, тестер, 5 мл	24	0	5		
2926	Крем тональный 02 светло-пастельный, тестер, 5 мл	24	0	5		
	Марианна					
1147	Аромаэмульсия «Мерцание звезд», «Ниагара», 8 мл	92	6	6		
1148	Аромаэмульсия «Мерцание звезд», «Фитнес», 8 мл	92	6	6		
1149	Аромаэмульсия «Мерцание звезд», «Энергия», 8 мл	92	6	6		
1114	Эмульсия «Рициниол Витаминный», 15 мл	170	11	6		
1116	Эмульсия «Рициниол Ногти», 15 мл	106	7	6		
1117	Эмульсия «Рициниол Пшеничный», 15 мл	155	10	6		
1142	Эмульсия «Рициниол» «Сильфида», 10 мл	92	6	6		
	НИИ ЛОП и НТ					
0218	Драже «Нутрифлор SP», 170 г	159	9	5		
0216	Драже «Нутрифлор Арония», 150 г	159	9	5		
0217	Драже «Нутрифлор Сорбус», 130 г	159	9	5		
0212	Пектолакт, пакетики с сухой смесью, 50 г	212	12	30		
	Новь					
0129	ДиЛитовит для женщин, 210 г	776	48	7		
0115	Литоспорт с клюквой, таблетки, 50 г	334	21	10		
0132	Нормолит, гранулы, 450 г	526	32	3		
	Пенталис					
1326	Масло эфирное «Бергамот», 5 мл	107	7	10		
1338	Мыло натур. «Органик Лайв» с маслом ним и таману, 80 г	160	10	4		
	Прицеро-П					
1915	Оберег шунгитовый (большой)	189	13	25		
	Руслана-ЕС					
2221	Реагент 3000 «Тестдрайв» для любых моделей двиг. и топл. сист., 1х50 мл, 1х5 мл	292	18	5		
2214	Реагент 3000 для ГУР, 50 мл	401	23	5		
	Сибирь-Цео					
1603	Фильтр «АРГО-М»	964	50	6		
	ФитоЛайн					
2309	Гель после депиляции «Альфион», 150 мл	246	15	4		
2313	Лифтинг-маска с экстрактом царского дерева для лица, 10 мл	155	10	6		
2315	Маска разглажив. с экстр. царского дерева для декольте (тканевая), 10 мл	154	10	6		
	ЭД Медицин					
0851	Крем для лица ночной питательный, 50 мл 	1400	80	6		
0852	Крем для лица омолаживающий, 30 мл 	1565	90	6		
0857	Лифтинг-комплекс интенсивный, 30 мл 	1495	85	6		
